0,0,-0
0,0,-0
0,0,-0
0,0,-0
0,0,-0
0,0,-0
0,0,-0
0,0,-0
0,0,-0
0,0,-0
0,0,-0
0,0,-0
0,0,-0
0,0,-0
0,0,-0
0,0,-0
0,0,-0
0,0,-0
0,0,-0
0,0,-0
0,0,-0
0,0,-0
0,0,-0
0,0,-0
0,0,-0
31.4286763426725,0,30.9016147969832
27.7349130948963,0,27.2697962621935
25.177883290025,0,24.755648057126
23.1897707162171,0,22.8008762944391
21.5159014577456,0,21.1550779608855
20.0349458115115,0,19.6989580624506
18.6872950193093,0,18.373907484699
17.4434244106305,0,17.1508966882708
16.2872829063525,0,16.0141437719587
15.209624283651,0,14.9545575728542
14.2041090441589,0,13.9659049064984
13.2654512843754,0,13.0429885144264
12.3891271344916,0,12.1813603924975
11.5710107923917,0,11.3769639286359
10.8072549066097,0,10.626016291776
10.0942983571806,0,9.92501608222678
9.42879077317489,0,9.27066911505444
8.80758123900688,0,8.6598773157864
8.22772859175713,0,8.08974884504689
7.68648701752413,0,7.55758393645901
7.18129505412891,0,7.06086408377486
6.7097994418826,0,6.59727549166381
6.26969111493847,0,6.16454781750298
5.85884914541802,0,5.76059570154857
5.47533054877817,0,5.38350874326784
30.1024666534558,0,29.5976457064065
30.1021835986002,0,29.5973673984041
30.1019006622948,0,29.5970892069637
30.101617618322,0,29.5968109096616
30.101335098297,0,29.5965331275206
30.1010531525712,0,29.5962559100478
30.1007727392084,0,29.59598019924
30.1004937896142,0,29.5957059276535
30.1002151352161,0,29.5954319463125
30.09993658522,0,29.5951580676227
30.0996586271331,0,29.5948847709157
30.0993804754861,0,29.5946112838946
30.0991013039678,0,29.5943367941056
30.0988258664339,0,29.5940659756817
30.0985518395241,0,29.5937965442257
30.0982778178651,0,29.5935271179323
30.098002198672,0,29.5932561208958
30.0977236012504,0,29.5929821955758
30.0974437686178,0,29.5927070557594
30.0971638171684,0,29.5924317991187
30.0968838547499,0,29.592156531693
30.0966038699289,0,29.5918812422404
30.09632386198,0,29.5916059300477
30.0960435809609,0,29.5913303493643
30.0957636178907,0,29.5910550812978
0,0,0
0,0,0
0,0,0
0,0,0
0,0,0
0,0,0
0,0,0
0,0,0
0,0,0
0,0,0
0,0,0
0,0,0
0,0,0
0,0,0
0,0,0
0,0,0
0,0,0
0,0,0
0,0,0
0,0,0
0,0,0
0,0,0
0,0,0
0,0,0
0,0,0
0,32.4092418456067,31.8657357773686
0,28.6136837920019,28.1338295411727
0,25.9467299868258,25.5116007683232
0,23.859179733949,23.459058903054
0,22.1058013922334,21.7350848588038
0,20.5672668487735,20.2223516648305
0,19.1800645084802,18.8584128206624
0,17.9093749171294,17.6090327971564
0,16.7351479816417,16.4544977429252
0,15.6436404162565,15.3812948482291
0,14.6258991140818,14.3806211505069
0,13.6755602946165,13.4462195903744
0,12.7876158088275,12.5731660058653
0,11.9573149797898,11.7567893892933
0,11.1806866649823,10.9931851945204
0,10.4542832737672,10.2789636472844
0,9.77475893073279,9.61083498277656
0,9.1391479037551,8.98588320444185
0,8.54465362863557,8.40135864669091
0,7.98870096617993,7.8547293556233
0,7.46867204033604,7.34342135718126
0,6.98228573009084,6.86519178493678
0,6.52739919561729,6.41793373466107
0,6.10187892259254,5.9995494712401
0,5.70389206090299,5.60823688160581
0,31.3590602482545,30.8331657657022
0,31.3584002599268,30.8325168454324
0,31.3572377102827,30.8313737918403
0,31.3554377220896,30.8296039895956
0,31.3530151164853,30.8272220112844
0,31.3499851764043,30.8242428835451
0,31.3464255406385,30.8207429431606
0,31.3424385243808,30.8168227894899
0,31.3381084041023,30.8125652856808
0,31.3335064954118,30.8080405513735
0,31.3287011774426,30.8033158189776
0,31.3237524018474,30.7984500347517
0,31.3187106035994,30.7934927878706
0,31.3136179639584,30.7884855522107
0,31.3085092004024,30.7834624630351
0,31.3034152708672,30.7784539591128
0,31.2983569799734,30.7734804961688
0,31.2933548293548,30.768562232023
0,31.2884198333707,30.7637099963231
0,31.2835649561845,30.7589365358222
0,31.2787973178099,30.7542488511311
0,31.2741240570672,30.7496539613513
0,31.2695478638985,30.7451545113143
0,31.2650729942673,30.7407546856108
0,31.2606995623175,30.7364545964707
0,0,0
0,0,0
0,0,0
0,0,0
0,0,0
0,0,0
0,0,0
0,0,0
0,0,0
0,0,0
0,0,0
0,0,0
0,0,0
0,0,0
0,0,0
0,0,0
0,0,0
0,0,0
0,0,0
0,0,0
0,0,0
0,0,0
0,0,0
0,0,0
0,0,0
32.0190507667772,0,31.4820879095633
28.1731685777698,0,27.7007014723758
25.4621741939074,0,25.0351706810973
23.3426655671366,0,22.9512063834697
21.5687297651334,0,21.207019626707
20.0185925982404,0,19.6828783840491
18.6268735381985,0,18.3144985639236
17.3574793366435,0,17.0663922046272
16.1874492584834,0,15.9159836244315
15.1031892604465,0,14.8499067532573
14.0953520087266,0,13.8589710128336
13.1566953975392,0,12.9360557480692
12.2814745300731,0,12.0755124045318
11.4650278398765,0,11.2727575906114
10.7032888704872,0,10.5237930446461
9.99257043067945,0,9.82499340990182
9.329382639777,0,9.17292733128018
8.71056174448181,0,8.56448411187896
8.13299363360867,0,7.99660186440655
7.59396985966458,0,7.46661756225093
7.09099047161995,0,6.97207317876119
6.62154769556923,0,6.51050299560068
6.18344554723358,0,6.07974785532252
5.77469765877514,0,5.67785470163632
5.39310536337679,0,5.30266173954326
29.6504061103399,0,29.1531655696489
29.6501284155971,0,29.152892531869
29.6498506675584,0,29.1526194416871
29.6495722519814,0,29.1523456951615
29.6492919496522,0,29.1520700935248
29.6490039879605,0,29.1517869609736
29.6487244023039,0,29.1515120639907
29.6484487687533,0,29.1512410528368
29.648174526648,0,29.1509714097934
29.6479020666107,0,29.1507035189327
29.6476306609702,0,29.1504366647864
29.647358874684,0,29.1501694363779
29.6470861042556,0,29.1499012403314
29.6468140289907,0,29.1496337277903
29.6465418773956,0,29.1493661401991
29.6462710613174,0,29.1490998657281
29.6459977593135,0,29.1488311470206
29.6457225878201,0,29.1485605901751
29.6454470332121,0,29.1482896566398
29.6451717974311,0,29.1480190365849
29.644897019484,0,29.1477488666858
29.6446217484774,0,29.1474782119959
29.6443465176166,0,29.1472075967785
29.6440707222016,0,29.1469364264746
29.6437950775131,0,29.1466654043696
0,0,0
0,0,0
0,0,0
0,0,0
0,0,0
0,0,0
0,0,0
0,0,0
0,0,0
0,0,0
0,0,0
0,0,0
0,0,0
0,0,0
0,0,0
0,0,0
0,0,0
0,0,0
0,0,0
0,0,0
0,0,0
0,0,0
0,0,0
0,0,0
0,0,0
0,32.2955923510576,31.7539915759208
0,28.4910138109404,28.0132161142856
0,25.8143631260104,25.3814530698437
0,23.7199021756332,23.3221163927556
0,21.9622546565988,21.59394475953
0,20.4216368367816,20.0791632205599
0,19.0336285540443,18.7144319448452
0,17.763356478964,17.4654624314139
0,16.5901063905469,16.3118878383716
0,15.500045939231,15.2401077857363
0,14.4844305334396,14.2415243294129
0,13.5368432665474,13.3098281748003
0,12.6518640580395,12.4396901365557
0,11.8249968246955,11.626689531125
0,11.0520072074984,10.8666630100215
0,10.3294130418763,10.1561868048444
0,9.65399651671306,9.49209706742084
0,9.02273035473801,8.87141728815558
0,8.43272290325142,8.29130430758997
0,7.88122705838892,7.74905709100539
0,7.36579988756606,7.24227367398715
0,6.8839996699359,6.76855328353712
0,6.43363347796946,6.32573976769186
0,6.01273645054438,5.91190121620308
0,5.61923241331541,5.52499627233104
0,30.8936154325133,30.3755258769556
0,30.8931749995416,30.3750928300791
0,30.892353240209,30.3742848517144
0,30.8909811901317,30.3729358110237
0,30.8890248009391,30.3710122306301
0,30.8865084646568,30.3685380935033
0,30.8834933663741,30.3655735586536
0,30.8800660401346,30.362203708942
0,30.8762951743971,30.3584960809165
0,30.8722488486351,30.3545176123527
0,30.8679904786201,30.3503306555345
0,30.863577729288,30.3459919083523
0,30.8590592246497,30.3415491793886
0,30.8544758770699,30.3370426949047
0,30.8498622541431,30.3325064427937
0,30.8452497314201,30.3279712724359
0,30.8406572208205,30.3234557785968
0,30.8361066183622,30.3189814900961
0,30.83160810458,30.3145584167404
0,30.8271757118048,30.3102003555372
0,30.8228164746683,30.305914223147
0,30.8185382052425,30.3017077006325
0,30.8143442785876,30.2975841064543
0,30.8102393439613,30.2935480119013
0,30.8062241735611,30.2896001762214
0,0,0
0,0,0
0,0,0
0,0,0
0,0,0
0,0,0
0,0,0
0,0,0
0,0,0
0,0,0
0,0,0
0,0,0
0,0,0
0,0,0
0,0,0
0,0,0
0,0,0
0,0,0
0,0,0
0,0,0
0,0,0
0,0,0
0,0,0
0,0,0
0,0,0
31.9894345766644,0,31.4529678252562
28.1589300890218,0,27.6867011859251
25.4555493824371,0,25.0286563770842
23.3408579781561,0,22.949428506678
21.570308473851,0,21.2085712507055
20.0232967984452,0,19.6875030774317
18.6342043715735,0,18.3217058350185
17.3669565502431,0,17.0757098549489
16.1992396347398,0,15.9275756399309
15.1169562097667,0,14.8634421893824
14.1105491640669,0,13.8739126655208
13.1732790731744,0,12.9523606645355
12.299235207622,0,12.0929745803365
11.4836054464084,0,11.2910229915539
10.7223226701642,0,10.5425069847159
10.0117612459096,0,9.84386172898026
9.34849252685056,0,9.1917160762177
8.72941312040062,0,8.58301867796875
8.15151299566487,0,8.01480998178298
7.61212300077907,0,7.48446559767363
7.10854205949949,0,6.98932974664868
6.63841603330624,0,6.52708776926826
6.19960884663656,0,6.09563941211738
5.78992524575104,0,5.69282623602694
5.4074740431349,0,5.31678876883901
29.7294027479711,0,29.2308368588447
29.7291246650705,0,29.2305634394151
29.7288464089139,0,29.2302898496351
29.7285736354058,0,29.2300216505592
29.728310542568,0,29.229762969808
29.7280310242403,0,29.2294881390235
29.7277467315139,0,29.2292086139074
29.7274672767153,0,29.2289338455867
29.7271923190974,0,29.2286634990286
29.7269168025094,0,29.2283926028745
29.7266433271698,0,29.2281237137367
29.7263709926698,0,29.2278559463067
29.7260982882836,0,29.2275878151935
29.7258246469689,0,29.2273187628641
29.725551731656,0,29.2270504243614
29.7252842118595,0,29.2267873908919
29.7250134112463,0,29.2265211316253
29.7247412030233,0,29.2262534883546
29.7244685669031,0,29.2259854243625
29.7241918187597,0,29.2257133173062
29.7239162085731,0,29.2254423291231
29.723638830959,0,29.2251696031523
29.7233620794683,0,29.2248974928048
29.7230852613784,0,29.224625316975
29.7228090135275,0,29.2243537018212
0,0,0
0,0,0
0,0,0
0,0,0
0,0,0
0,0,0
0,0,0
0,0,0
0,0,0
0,0,0
0,0,0
0,0,0
0,0,0
0,0,0
0,0,0
0,0,0
0,0,0
0,0,0
0,0,0
0,0,0
0,0,0
0,0,0
0,0,0
0,0,0
0,0,0
0,32.1600805433988,31.6207518080347
0,28.3515130878726,27.8760543025063
0,25.6672621370954,25.2368184331233
0,23.5666892777447,23.1714723316174
0,21.8054415094294,21.439760814979
0,20.2635518279417,19.9237287342841
0,18.876191611893,18.5596346487849
0,17.6079268751753,17.3126388028676
0,16.437741229449,16.1620772545355
0,15.3514458084558,15.0939990858376
0,14.339974857362,14.0994905753003
0,13.3968236373399,13.1721560690336
0,12.5165338679623,12.3066288223655
0,11.6944217385435,11.4983035724522
0,10.9262416289462,10.7430058985112
0,10.208479804377,10.0372809913342
0,9.53789012081659,9.37793714497056
0,8.91139609876779,8.76194947270526
0,8.32609482298113,8.18646374138623
0,7.77924249411087,7.64878216537998
0,7.26839270562062,7.14649936456359
0,6.79104897744103,6.67716072501793
0,6.34504906713498,6.23864026526703
0,5.92840418069233,5.82898254351928
0,5.53903518642188,5.4461432952714
0,30.4527042716701,29.942008318627
0,30.4522940537534,29.9416049800942
0,30.4515281166768,29.9408518878373
0,30.4502374519995,29.9395828676993
0,30.448422822816,29.9377986699776
0,30.446048902234,29.9354645602143
0,30.4431710837235,29.9326350029271
0,30.4398772732061,29.9293964298487
0,30.4362463109994,29.925826359139
0,30.4323460338466,29.9219914899144
0,30.4282362970974,29.9179506737457
0,30.4239718892032,29.9137577802784
0,30.4196007575452,29.9094599528124
0,30.4151634040311,29.9050970140356
0,30.4106930503343,29.9007016284915
0,30.4062171794329,29.8963008182667
0,30.4017600973486,29.8919184817693
0,30.3973399328578,29.8875724437546
0,30.3929700889726,29.8832758824654
0,30.3886613635086,29.8790394146371
0,30.3844224114035,29.8748715500633
0,30.3802595293062,29.8707784797979
0,30.3761767652203,29.8667641839592
0,30.3721786818277,29.8628331487123
0,30.368266361305,29.858986438086
0,0,0
0,0,0
0,0,0
0,0,0
0,0,0
0,0,0
0,0,0
0,0,0
0,0,0
0,0,0
0,0,0
0,0,0
0,0,0
0,0,0
0,0,0
0,0,0
0,0,0
0,0,0
0,0,0
0,0,0
0,0,0
0,0,0
0,0,0
0,0,0
0,0,0
31.9919706405811,0,31.4554609060808
28.1691573040659,0,27.6967564089842
25.4694513588629,0,25.0423247159311
23.3569624260221,0,22.9652623660406
21.5879759838203,0,21.2259419466796
20.0421431022957,0,19.7060327876197
18.653904912883,0,18.3410754469761
17.3871460599236,0,17.0955602260589
16.2200805408214,0,15.9480664750158
15.1380740823779,0,14.8842053384042
14.1318352877234,0,13.8948412367113
13.194505996514,0,12.9732310214084
12.3203580010569,0,12.1137425472347
11.5046761863408,0,11.3117397719781
10.7431299656037,0,10.5629647331108
10.0320921248415,0,9.86385104525426
9.3682753977157,0,9.2111665697496
8.74857669127137,0,8.60186025272173
8.17008178829719,0,8.03306674857996
7.62995550989525,0,7.50199842456917
7.12570747831867,0,7.0062066667465
6.6549061590823,0,6.54330071762536
6.21529602891217,0,6.11106287921032
5.8048947489439,0,5.70754405659447
5.42162230370593,0,5.33069911630704
29.8071875571712,0,29.3073167438786
29.8069089222217,0,29.307042781656
29.8066301376249,0,29.3067686722957
29.8063507302156,0,29.3064939505676
29.8060954803642,0,29.3062429812734
29.8058423805911,0,29.3059941260006
29.8055651094627,0,29.3057215047278
29.8052808804528,0,29.3054420422576
29.8050011747475,0,29.3051670272359
29.8047261868508,0,29.3048966509048
29.8044518833719,0,29.3046269475138
29.8041789956926,0,29.3043586361794
29.8039060982817,0,29.3040903152764
29.8036323513154,0,29.3038211590653
29.8033577256992,0,29.3035511389393
29.8030827850053,0,29.3032808090194
29.8028077500893,0,29.3030103864575
29.8025355684181,0,29.3027427692914
29.802262513291,0,29.3024742933172
29.8019904590327,0,29.3022068014273
29.8017150129606,0,29.3019359746044
29.8014400735187,0,29.3016656459154
29.801162513997,0,29.3013927410857
29.8008853513755,0,29.3011202265001
29.800607666517,0,29.3008471984354
0,0,0
0,0,0
0,0,0
0,0,0
0,0,0
0,0,0
0,0,0
0,0,0
0,0,0
0,0,0
0,0,0
0,0,0
0,0,0
0,0,0
0,0,0
0,0,0
0,0,0
0,0,0
0,0,0
0,0,0
0,0,0
0,0,0
0,0,0
0,0,0
0,0,0
0,32.0729120653729,31.5350447482274
0,28.2621742615745,27.7882132590654
0,25.5729053082784,25.1440435166624
0,23.4681117874117,23.0745475166211
0,21.7042834916048,21.3402987331923
0,20.1613774653138,19.8232673388092
0,18.7743534882381,18.4595038417904
0,17.5073567165077,17.2137546862715
0,16.339197109797,16.0651851902469
0,15.2554329567491,14.9995958307751
0,14.2467540832983,14.0078325659998
0,13.3065237564654,13.0833699613748
0,12.4293718975614,12.2209279947713
0,11.6103870875103,11.4156776119227
0,10.8453780496699,10.6634978241617
0,10.1307898291952,9.96089329346169
0,9.46336587163416,9.30466207799518
0,8.83995602262867,8.6917068516925
0,8.25769168690431,8.11920712580391
0,7.71384980884767,7.58448551053131
0,7.20592512172885,7.08507875262674
0,6.73143532650701,6.6185461813617
0,6.28825383009543,6.18279686675037
0,5.87429732059095,5.77578243416234
0,5.48757065495028,5.39554119922966
0,30.1697607436661,29.6638093561172
0,30.1693578758924,29.6634132444615
0,30.1686064132548,29.6626743838999
0,30.1673396914674,29.6614289051171
0,30.1655150982011,29.6596349103955
0,30.1631568948293,29.6573162542437
0,30.1603326498917,29.6545393720727
0,30.1570957644039,29.6513567693597
0,30.1535208336379,29.6478417904093
0,30.149681693149,29.6440670325498
0,30.1456390483236,29.6400921831344
0,30.1414440623917,29.6359675473825
0,30.1371418649947,29.6317374981086
0,30.1327727112157,29.6274416153155
0,30.1283682859471,29.6231110525379
0,30.1239566175346,29.6187733680843
0,30.1195612990267,29.6144517593464
0,30.1151992665464,29.6101628784274
0,30.1108853269299,29.6059212838517
0,30.1066311551889,29.6017384548405
0,30.1024450781393,29.5976225785684
0,30.0983335800838,29.593580030596
0,30.0943005974484,29.589614681335
0,30.0903500639507,29.5857303985345
0,30.0864831807695,29.5819283632293
0,0,0
0,0,0
0,0,0
0,0,0
0,0,0
0,0,0
0,0,0
0,0,0
0,0,0
0,0,0
0,0,0
0,0,0
0,0,0
0,0,0
0,0,0
0,0,0
0,0,0
0,0,0
0,0,0
0,0,0
0,0,0
0,0,0
0,0,0
0,0,0
0,0,0
31.9878288367162,0,31.4513882032723
28.1696187465063,0,27.6972097188226
25.4714918022918,0,25.0443305207253
23.3596479867348,0,22.9679024490458
21.5910984196952,0,21.229011561327
20.0456390310704,0,19.7094696167279
18.6578312454708,0,18.3449354485823
17.3914267769528,0,17.0997686568149
16.224824902923,0,15.952730764209
15.1433001030032,0,14.8893431982215
14.1373505955068,0,13.9002635225985
13.2002252225231,0,12.9788537967408
12.3263541410585,0,12.1196375842468
11.5108265511573,0,11.317786439562
10.7493479408682,0,10.5690778699509
10.0383396426552,0,9.86999322234066
9.37451844697491,0,9.21730434680337
8.75473168591379,0,8.60791144585006
8.17607408894278,0,8.03895797050781
7.63578831874461,0,7.50773282416692
7.13139287558691,0,7.01179612199014
6.66036541710885,0,6.54866782144505
6.22056460523094,0,6.11624249481656
5.80993074860117,0,5.71249499189665
5.42643089113617,0,5.33542644939398
29.8336243798395,0,29.3333098427322
29.8333455641032,0,29.3330357027519
29.8330665058334,0,29.3327613243055
29.8327867144611,0,29.3324862250507
29.8325022638392,0,29.3322065446822
29.8322135602881,0,29.3319226827064
29.8319314359811,0,29.3316452896404
29.8316520563776,0,29.3313705952491
29.8313684024831,0,29.3310916982468
29.8310877899132,0,29.330815791566
29.8308125682848,0,29.3305451854203
29.8305403651457,0,29.3302775471436
29.8302675638322,0,29.330009320724
29.8299952116456,0,29.3297415358994
29.8297216508343,0,29.3294725627187
29.8294494808859,0,29.3292049570761
29.8291749335863,0,29.3289350139506
29.8288986234928,0,29.3286633375934
29.8286223709448,0,29.3283917178166
29.8283461576095,0,29.328120136595
29.828069935188,0,29.3278485464395
29.8277944210853,0,29.3275776527243
29.827518142932,0,29.3273060077716
29.8272418303919,0,29.3270343290088
29.8269647618154,0,29.3267619068884
0,0,0
0,0,0
0,0,0
0,0,0
0,0,0
0,0,0
0,0,0
0,0,0
0,0,0
0,0,0
0,0,0
0,0,0
0,0,0
0,0,0
0,0,0
0,0,0
0,0,0
0,0,0
0,0,0
0,0,0
0,0,0
0,0,0
0,0,0
0,0,0
0,0,0
0,32.013275615644,31.4764080934841
0,28.2016112190992,27.728665509224
0,25.5092016428313,25.0814077830727
0,23.4016639300972,23.0092135885607
0,21.636154200425,21.2733115498565
0,20.0926019648164,19.7556447663736
0,18.7058683987716,18.3921667951229
0,17.4397881703265,17.1473187986585
0,16.2730628924786,16.0001595650473
0,15.1910872994686,14.9363287596045
0,14.184380005444,13.9465039998168
0,13.2461699060428,13.0240277330982
0,12.3711833219055,12.1637147199692
0,11.554351769873,11.3605814759999
0,10.7915222407421,10.6105446381695
0,10.0791052392618,9.91007490725119
0,9.41383306758959,9.25595938486694
0,8.79251042134532,8.64505635205909
0,8.21229228248281,8.07456850188362
0,7.67048497059269,7.54184732709319
0,7.16450781475177,7.04435543475165
0,6.69192715680779,6.57969997928188
0,6.25062591143269,6.14579937898806
0,5.83847205456213,5.74055736396147
0,5.45352520595137,5.36206609423608
0,29.9825844656201,29.4797717035298
0,29.9821828830337,29.4793768555043
0,29.9814350304001,29.4786415443986
0,29.9801763594855,29.4774039814614
0,29.9783667696283,29.4756247385211
0,29.9760243880668,29.4733216388214
0,29.9732203007195,29.4705645761663
0,29.9700181133012,29.4674160895992
0,29.966477365367,29.4639347201939
0,29.9626716588662,29.460192835591
0,29.9586637461359,29.4562521357678
0,29.9545049525922,29.4521630854104
0,29.9502394577891,29.4479691231793
0,29.9459060984148,29.4437084344694
0,29.9415404466245,29.439415994889
0,29.9371663588234,29.4351152607702
0,29.9328065924411,29.4308286078991
0,29.9284805872016,29.4265751499949
0,29.9242005045926,29.4223668445961
0,29.919978852608,29.4182159899371
0,29.9158241523266,29.4141309641976
0,29.9117423490662,29.4101176129925
0,29.9077382632164,29.4061806758727
0,29.9038153735116,29.4023235732344
0,29.8999751144552,29.3985477155241
0,0,0
0,0,0
0,0,0
0,0,0
0,0,0
0,0,0
0,0,0
0,0,0
0,0,0
0,0,0
0,0,0
0,0,0
0,0,0
0,0,0
0,0,0
0,0,0
0,0,0
0,0,0
0,0,0
0,0,0
0,0,0
0,0,0
0,0,0
0,0,0
0,0,0
31.9802633300286,0,31.4439493018435
28.1649490904803,0,27.6926180585677
25.4674148804482,0,25.0403216220111
23.355541682564,0,22.9638646353392
21.5869480805825,0,21.2249304298684
20.0415344933974,0,19.7054335000228
18.6539580059808,0,18.3411267344819
17.3878295274076,0,17.0962312890586
16.2216225257329,0,15.9495816327443
15.1405600835929,0,14.886648657763
14.1350423113923,0,13.897993465112
13.198219816452,0,12.9768815267442
12.3247346400753,0,12.118044737178
11.5094889158033,0,11.3164707214109
10.7482862201808,0,10.5680334302031
10.0375232762097,0,9.86919001367842
9.3739198481793,0,9.21671524583077
8.75427327757462,0,8.60746017687659
8.17572510762954,0,8.03861428650197
7.63556764783435,0,7.5075152922923
7.13122524293616,0,7.01163073285242
6.6602491275478,0,6.54855290870397
6.22051709011077,0,6.11619519787442
5.80990791490945,0,5.71247195753381
5.42646179084158,0,5.3354562427027
29.8337942613368,0,29.3334765821638
29.8335154704883,0,29.3332024666507
29.8332365162068,0,29.3329281904452
29.8329565724669,0,29.3326529413748
29.8326736918492,0,29.332374804678
29.8323796712127,0,29.3320857147811
29.8320961996964,0,29.3318069970952
29.8318176431518,0,29.3315331119566
29.8315364849296,0,29.3312566687707
29.8312573887728,0,29.3309822530694
29.8309820738953,0,29.330711555235
29.830708600787,0,29.3304426682833
29.8304351124301,0,29.3301737663387
29.8301612112098,0,29.3299044584545
29.8298915502576,0,29.3296393197288
29.8296184172363,0,29.3293707671608
29.8293453025337,0,29.3291022326043
29.8290714084674,0,29.3288329317541
29.828794568201,0,29.3285607341117
29.8285183557274,0,29.3282891537339
29.8282413517161,0,29.3280167950926
29.8279643466195,0,29.3277444353842
29.8276883454766,0,29.3274730627932
29.8274115886851,0,29.3272009472258
29.8271347791556,0,29.3269287798048
0,0,0
0,0,0
0,0,0
0,0,0
0,0,0
0,0,0
0,0,0
0,0,0
0,0,0
0,0,0
0,0,0
0,0,0
0,0,0
0,0,0
0,0,0
0,0,0
0,0,0
0,0,0
0,0,0
0,0,0
0,0,0
0,0,0
0,0,0
0,0,0
0,0,0
0,31.9711792448678,31.4350174544819
0,28.15920493652,27.686970105338
0,25.4648158102688,25.0377659907948
0,23.355489486669,22.9638131526723
0,21.5888920546809,21.2268416291582
0,20.0449456868258,19.7087873026672
0,18.6584714565975,18.3455642998564
0,17.3930753129378,17.1013888993363
0,16.227387293206,15.9552495135811
0,15.1466982929275,14.892683710377
0,14.1414007026165,13.9042450002276
0,13.2046551081049,12.9832086662096
0,12.3311639615451,12.1243660005613
0,11.515848445194,11.3227233575131
0,10.7545510211713,10.5741929212586
0,10.0436825804911,9.87524577231099
0,9.37988008725566,9.2225752730167
0,8.76000765165367,8.61309812256014
0,8.1812060037471,8.04400300107265
0,7.64080229065972,7.51266187952596
0,7.13616693593081,7.01648927956009
0,6.66490056631795,6.55312606551636
0,6.22488871007827,6.12049322542624
0,5.81394462433245,5.7164406881746
0,5.43018580958322,5.33911752385483
0,29.8542683037692,29.3536071572956
0,29.8538661649571,29.3532117623671
0,29.8531185973216,29.3524767314703
0,29.851863055528,29.3512422451619
0,29.8500637450305,29.3494731091721
0,29.8477298557254,29.3471783592825
0,29.84493601679,29.344431373136
0,29.8417520374937,29.3413007892978
0,29.8382353553572,29.337843082059
0,29.8344525061646,29.3341236713962
0,29.8304664929399,29.3302045037701
0,29.8263306088159,29.3261379785856
0,29.8220898389774,29.3219683266242
0,29.8177814388936,29.3177321785794
0,29.8134396661022,29.3134632174885
0,29.8090906546321,29.3091871391119
0,29.804757825801,29.3049269719907
0,29.8004550718114,29.3006963753549
0,29.7961996348123,29.2965123022016
0,29.7920003546461,29.2923834441291
0,29.7878673318595,29.2883197322972
0,29.7838063265865,29.2843268302424
0,29.7798222451341,29.2804095619927
0,29.7759166017081,29.2765694163607
0,29.7720945221588,29.2728114332358
0,0,0
0,0,0
0,0,0
0,0,0
0,0,0
0,0,0
0,0,0
0,0,0
0,0,0
0,0,0
0,0,0
0,0,0
0,0,0
0,0,0
0,0,0
0,0,0
0,0,0
0,0,0
0,0,0
0,0,0
0,0,0
0,0,0
0,0,0
0,0,0
0,0,0
31.9722583526775,0,31.4360783833255
28.1587529494062,0,27.6865255872951
25.4612999245002,0,25.0343089356492
23.3490936990485,0,22.957524475965
21.5802397219008,0,21.2183342364297
20.0347142947398,0,19.6987273199752
18.6472461246652,0,18.3345270353645
17.3813176525873,0,17.0898282241388
16.2154294367882,0,15.9434919909035
15.1347688814896,0,14.8809541475838
14.129655194104,0,13.8926962487926
13.1931959006562,0,12.9719414075634
12.3200636396927,0,12.1134516024638
11.5051463551722,0,11.3122005067957
10.7442706601295,0,10.5640847214262
10.033837797256,0,9.86556584032155
9.37048682919202,0,9.21333928914891
8.75107033169758,0,8.6043104260731
8.1727271753354,0,8.03566610288877
7.63277913113241,0,7.50477300460814
7.12859825655088,0,7.00904725937365
6.65777960033533,0,6.54612424703908
6.21820696376033,0,6.11392325759913
5.8076973627944,0,5.71029791573415
5.42436194784292,0,5.33339104791748
29.8222496699589,0,29.322125379526
29.821970990882,0,29.3218513739061
29.8216921054087,0,29.3215771653511
29.821412045054,0,29.3213018016174
29.8211328949423,0,29.3210273328619
29.8208398512126,0,29.3207392034848
29.8205493446761,0,29.3204535687521
29.8202709382261,0,29.3201798311871
29.8199949662125,0,29.3199084872329
29.8197167675692,0,29.3196349539897
29.8194404789158,0,29.3193632987058
29.8191669103155,0,29.3190943178595
29.8188936934577,0,29.3188256828571
29.8186195776739,0,29.3185561640036
29.8183467972214,0,29.3182879580879
29.8180780597417,0,29.3180237273442
29.8178069727424,0,29.3177571864825
29.8175342109658,0,29.3174889989296
29.8172610153345,0,29.3172203847976
29.816983677392,0,29.3169476978212
29.8167078030405,0,29.3166764498913
29.816429719881,0,29.3164030301952
29.8161524561316,0,29.3161304161676
29.8158749954302,0,29.315857608491
29.8155980964806,0,29.3155853531455
0,0,0
0,0,0
0,0,0
0,0,0
0,0,0
0,0,0
0,0,0
0,0,0
0,0,0
0,0,0
0,0,0
0,0,0
0,0,0
0,0,0
0,0,0
0,0,0
0,0,0
0,0,0
0,0,0
0,0,0
0,0,0
0,0,0
0,0,0
0,0,0
0,0,0
0,31.940167857791,31.4045259845765
0,28.1281231374765,27.6564093451351
0,25.4324370603114,25.0059299877729
0,23.3219021815343,22.9307888292465
0,21.5545876774671,21.1931122315607
0,20.0104059683079,19.6748264864909
0,18.6241664293796,18.3118342176905
0,17.3593088498544,17.0681883299393
0,16.1943920059159,15.9228071692554
0,15.1146620085881,14.861184269733
0,14.1104091539004,13.8737727593686
0,13.1747492045699,12.9538038497028
0,12.3023453384427,12.0960302172161
0,11.4881389272528,11.2954780669596
0,10.7279610661613,10.5480484067279
0,10.0182201535814,9.8502098661783
0,9.35548374247505,9.19858756049168
0,8.73666193333596,8.59014340785003
0,8.15888348967082,8.02205432246448
0,7.61949031686844,7.49170678603383
0,7.11582081903803,6.99648383769386
0,6.64549994645639,6.53405025736188
0,6.20641223405954,6.10232605637351
0,5.79634016590391,5.69913090658047
0,5.41343086651659,5.32264300527574
0,29.7621523830133,29.2630358466171
0,29.7617491435159,29.2626393694556
0,29.7610008692713,29.261903643788
0,29.7597463757529,29.2606701881557
0,29.7579513442711,29.2589052593946
0,29.7556279614147,29.2566208397241
0,29.7528404633338,29.2538800880525
0,29.7496661184425,29.2507589770007
0,29.74616628734,29.2473178381491
0,29.7423983679383,29.2436131068456
0,29.7384286805723,29.2397099912314
0,29.7343103974446,29.23566077181
0,29.7300872093853,29.231508406715
0,29.7257967460486,29.2272898945508
0,29.7214720705041,29.2230377439183
0,29.7171437759758,29.2187820349923
0,29.7128277708745,29.2145384093995
0,29.7085456354333,29.2103280854717
0,29.7043070770807,29.2061606078436
0,29.7001257789325,29.2020494301651
0,29.6960087250734,29.1980014193973
0,29.6919636647578,29.1940241948397
0,29.6879941086432,29.1901212082757
0,29.6841048531123,29.1862971756527
0,29.6802970722942,29.1825532514097
0,0,0
0,0,0
0,0,0
0,0,0
0,0,0
0,0,0
0,0,0
0,0,0
0,0,0
0,0,0
0,0,0
0,0,0
0,0,0
0,0,0
0,0,0
0,0,0
0,0,0
0,0,0
0,0,0
0,0,0
0,0,0
0,0,0
0,0,0
0,0,0
0,0,0
31.9662657881832,0,31.4301862098352
28.1537748684883,0,27.6816308209315
25.4561026360709,0,25.0291985929403
23.3434048605456,0,22.9519307912893
21.5741707227435,0,21.2123667369255
20.0284246962825,0,19.6925428948716
18.6409468660497,0,18.3283330889846
17.3751158410094,0,17.0837300695143
16.2094270540712,0,15.9375899012877
15.1290518208393,0,14.8753325771724
14.1242415906525,0,13.8873730298502
13.1880814776928,0,12.9669123362435
12.3152179405644,0,12.1086867339275
11.5005746854347,0,11.3077050585943
10.7399757307231,0,10.559861359938
10.0298260282133,0,9.86162087875561
9.36669688040456,0,9.20961241685584
8.74749359892775,0,8.60079318384051
8.16934577851667,0,8.03234091118354
7.62959313836546,0,7.5016399310287
7.12557746467271,0,7.00607660786052
6.65492079600583,0,6.54331285869587
6.21550748167932,0,6.11126851234343
5.80512390216793,0,5.70776707171108
5.42191359613783,0,5.33098320834985
29.8087890350435,0,29.3088903406529
29.8085104707953,0,29.3086164479314
29.8082316986844,0,29.308342350833
29.8079519921663,0,29.3080673349974
29.8076720338833,0,29.3077920716191
29.807376211091,0,29.3075012097795
29.8070877154371,0,29.3072175522021
29.8068107784088,0,29.3069452594119
29.8065331709077,0,29.3066723073928
29.806254933915,0,29.3063987364387
29.8059786326168,0,29.3061270687173
29.8057052525076,0,29.3058582731968
29.8054325433328,0,29.3055901373589
29.8051587953881,0,29.3053209801713
29.8048866341336,0,29.3050533830652
29.8046173070278,0,29.304788572579
29.8043467375528,0,29.3045225405582
29.804072656537,0,29.3042530558851
29.803800291577,0,29.3039852584897
29.8035229737134,0,29.3037125912508
29.8032470001203,0,29.303441245739
29.802969141524,0,29.3031680468356
29.8026919933597,0,29.3028955464501
29.8024147552101,0,29.3026229575885
29.8021379986374,0,29.3023508422277
0,0,0
0,0,0
0,0,0
0,0,0
0,0,0
0,0,0
0,0,0
0,0,0
0,0,0
0,0,0
0,0,0
0,0,0
0,0,0
0,0,0
0,0,0
0,0,0
0,0,0
0,0,0
0,0,0
0,0,0
0,0,0
0,0,0
0,0,0
0,0,0
0,0,0
0,31.9170061383993,31.3817526216772
0,28.1049419926074,27.6336168146467
0,25.4083668328874,24.9822632366502
0,23.2969941018052,22.906298239027
0,21.5291919109219,21.1681421015673
0,19.9848634278931,19.649712016531
0,18.5988189429371,18.2869115059634
0,17.3343966007033,17.0436935340496
0,16.1700336672057,15.8988569739827
0,15.0910189488713,14.8379373389952
0,14.0875433969813,13.8512900781742
0,13.1526887345259,12.9321129340574
0,12.2810884442936,12.0751293859591
0,11.4677025097152,11.2753839384187
0,10.7083527099825,10.5287684394161
0,9.99944229389898,9.83174645529411
0,9.3374930650258,9.18089811898919
0,8.71944546341596,8.57321517939315
0,8.14241984043882,8.00586627960023
0,7.60376818366621,7.47624781436668
0,7.10080831407568,6.98172258482844
0,6.63119806948875,6.51998770688093
0,6.19277105294676,6.0889131140556
0,5.78334175665175,5.6863499495335
0,5.40105437816348,5.31047353269254
0,29.694108486007,29.1961329429074
0,29.6937041908811,29.1957354278131
0,29.6929550055605,29.1949988063349
0,29.6917011039898,29.1937659327011
0,29.6899084659138,29.1920033571764
0,29.6875913855928,29.1897251343064
0,29.6848096066315,29.1869900057951
0,29.6816426472818,29.1838761563727
0,29.6781529191847,29.1804449510369
0,29.6743971863261,29.176752201841
0,29.6704402946323,29.1728616672448
0,29.6663349896446,29.1688252082465
0,29.6621251633868,29.1646859808005
0,29.6578484447065,29.1604809827182
0,29.6535370870424,29.1562419265482
0,29.6492222814466,29.1519994802682
0,29.644919248377,29.1477686090891
0,29.6406509218229,29.1435718623971
0,29.6364251009381,29.1394169085541
0,29.632256871706,29.1353185805513
0,29.628151912183,29.1312824612243
0,29.6241185023105,29.1273166916597
0,29.6201605231774,29.1234250878605
0,29.6162817665172,29.1196113779729
0,29.6124849801634,29.1158782637492
0,0,0
0,0,0
0,0,0
0,0,0
0,0,0
0,0,0
0,0,0
0,0,0
0,0,0
0,0,0
0,0,0
0,0,0
0,0,0
0,0,0
0,0,0
0,0,0
0,0,0
0,0,0
0,0,0
0,0,0
0,0,0
0,0,0
0,0,0
0,0,0
0,0,0
31.9612449894517,0,31.4252495837788
28.1493533438944,0,27.6772833469636
25.4513765304509,0,25.024551594664
23.3381928470239,0,22.9468059937619
21.5685881260355,0,21.206877537374
20.0226187694,0,19.6868340811092
18.6351017598374,0,18.322585726645
17.369356467807,0,17.0780669784624
16.2037907928353,0,15.9320478355322
15.1236391535242,0,14.8700103352018
14.1190746163912,0,13.8822923416266
13.1831622103321,0,12.9620751831421
12.3105276182305,0,12.10407466991
11.4961207686047,0,11.3033254201285
10.7357617939789,0,10.5557176626841
10.0258543338905,0,9.85771534806553
9.362927925553,0,9.20590621313441
8.74392018638801,0,8.59727923145683
8.16595446662333,0,8.02900599466662
7.62638186681327,0,7.49848202535196
7.12252586686219,0,7.0030756886493
6.65203833662676,0,6.54047823254907
6.21276469921593,0,6.10857121240667
5.80251333434676,0,5.70519976140318
5.41942967995392,0,5.32854041847216
29.795132872474,0,29.2954631260628
29.7948544450691,0,29.2951893678844
29.7945758353992,0,29.2949154304976
29.7942961574071,0,29.2946404427044
29.7940166943858,0,29.2943656662769
29.7937279619233,0,29.2940817758567
29.7934357039928,0,29.2937944190907
29.7931542736966,0,29.2935177083794
29.7928789743462,0,29.2932470257982
29.7926021054966,0,29.2929748000381
29.7923269198993,0,29.2927042293022
29.7920532145354,0,29.2924351139762
29.7917797309328,0,29.2921662166926
29.79150576851,0,29.2918968486186
29.7912318939039,0,29.2916275668886
29.7909636445195,0,29.2913638160453
29.7906906934326,0,29.2910954423472
29.7904233558086,0,29.290832587974
29.7901480878364,0,29.2905619362447
29.7898753332801,0,29.2902937557812
29.7895976265056,0,29.2900207061483
29.7893210402026,0,29.2897487581966
29.7890429796187,0,29.2894753606876
29.7887656257559,0,29.2892026580481
29.7884887566903,0,29.2889304320756
0,0,0
0,0,0
0,0,0
0,0,0
0,0,0
0,0,0
0,0,0
0,0,0
0,0,0
0,0,0
0,0,0
0,0,0
0,0,0
0,0,0
0,0,0
0,0,0
0,0,0
0,0,0
0,0,0
0,0,0
0,0,0
0,0,0
0,0,0
0,0,0
0,0,0
0,31.8993735795984,31.36441577199
0,28.0872723675942,27.6162434438066
0,25.3900471130084,24.9642506188835
0,23.2780650115291,22.8876864276034
0,21.5099107932064,21.1491841307052
0,19.9654787085692,19.6306521504506
0,18.5795841410979,18.2679990154241
0,17.315486521276,17.0251002949444
0,16.1515369641709,15.8806701555754
0,15.0730554450833,14.8202747564259
0,14.0701601148326,13.8341979667875
0,13.1359067558739,12.9156120235458
0,12.2649063799803,12.0592183117311
0,11.452134654785,11.2600767569597
0,10.6934057900933,10.5140717646798
0,9.9851170846845,9.81766105091953
0,9.32375986870945,9.16739478617394
0,8.70629451390199,8.5602843167002
0,8.12983528367177,7.99349229967009
0,7.59174091348012,7.46442176451416
0,7.08931587125617,6.97042238319654
0,6.6202405700763,6.50921346823377
0,6.18231217265834,6.07862912389398
0,5.77337023251819,5.6765451343503
0,5.39155230972853,5.30113029276683
0,29.6418676768625,29.1447681792681
0,29.6414624340836,29.144369732405
0,29.6407124059573,29.1436322822397
0,29.6394591213653,29.1424000152128
0,29.6376676350036,29.1406385720522
0,29.6353540417838,29.1383637777582
0,29.6325795049779,29.1356357698956
0,29.6294164923146,29.1325258009103
0,29.6259332780389,29.1291010000891
0,29.6221882953153,29.1254188206732
0,29.6182410791654,29.1215377992827
0,29.6141449141346,29.1175103268819
0,29.6099449085893,29.1133807553707
0,29.6056789112564,29.1091862987532
0,29.6013780095112,29.1049575230698
0,29.5970708503784,29.1007225949352
0,29.5927794494025,29.0965031606934
0,29.5885193326305,29.0923144860199
0,29.5843044560353,29.0881702928461
0,29.5801453629084,29.0840809476525
0,29.5760503160402,29.0800545746628
0,29.5720257864613,29.0760975363884
0,29.5680770869222,29.0722150564851
0,29.5642060184439,29.0684089057709
0,29.5604169638228,29.0646833935425
0,0,0
0,0,0
0,0,0
0,0,0
0,0,0
0,0,0
0,0,0
0,0,0
0,0,0
0,0,0
0,0,0
0,0,0
0,0,0
0,0,0
0,0,0
0,0,0
0,0,0
0,0,0
0,0,0
0,0,0
0,0,0
0,0,0
0,0,0
0,0,0
0,0,0
31.9584469737708,0,31.4224985394907
28.1468520302835,0,27.6748239482165
25.4485080827537,0,25.0217311614405
23.3348347810718,0,22.9435041083523
21.56484144978,0,21.2031935211156
20.0186103769675,0,19.68289270486
18.6309853559731,0,18.3185381208863
17.3652372440473,0,17.0740165732534
16.199711374475,0,15.9280365434673
15.119681110069,0,14.8661183596796
14.1152624690763,0,13.878543794265
13.1795036158842,0,12.9584775937206
12.3070140311428,0,12.1006196375716
11.4927621394755,0,11.3000227298352
10.732564033634,0,10.5525731272835
10.0228201703341,0,9.85473165088328
9.36003384232187,0,9.20306023307431
8.74116252410147,0,8.59456737143741
8.16332520913097,0,8.02642037383852
7.62388009113702,0,7.49602173702963
7.12013942527968,0,7.00072878958478
6.64977616834551,0,6.53825351274722
6.21060351328801,0,6.10644577217017
5.80045230679628,0,5.70317279118969
5.41746354237859,0,5.32660673880664
29.7843233715186,0,29.2848347693367
29.784045039738,0,29.2845611051731
29.7837664728331,0,29.2842872098283
29.7834871684306,0,29.2840125893536
29.7832070076081,0,29.2837371268211
29.7829181690961,0,29.2834531321238
29.7826269768274,0,29.2831668231422
29.7823447060414,0,29.2828892860303
29.7820683386795,0,29.2826175533421
29.7817931818145,0,29.2823470108509
29.7815182270826,0,29.2820766671031
29.7812440716439,0,29.2818071092443
29.7809713100134,0,29.2815389218195
29.7806981768759,0,29.2812703691179
29.7804238485292,0,29.2810006412508
29.7801515478747,0,29.2807329070715
29.7798825176273,0,29.2804683884546
29.7796111752682,0,29.2802015965001
29.779339285324,0,29.2799342661435
29.7790650023859,0,29.2796645829234
29.778788709369,0,29.2793929233335
29.778512044093,0,29.2791208977273
29.7782343138331,0,29.2788478249969
29.7779570554382,0,29.2785752162184
29.7776799156403,0,29.278302724048
0,0,0
0,0,0
0,0,0
0,0,0
0,0,0
0,0,0
0,0,0
0,0,0
0,0,0
0,0,0
0,0,0
0,0,0
0,0,0
0,0,0
0,0,0
0,0,0
0,0,0
0,0,0
0,0,0
0,0,0
0,0,0
0,0,0
0,0,0
0,0,0
0,0,0
0,31.8851074193047,31.3503889398573
0,28.0729262363434,27.6021378966824
0,25.3752200172293,24.9496721127453
0,23.2628037480233,22.8726809875439
0,21.494412512169,21.1339456083971
0,19.9499288088839,19.6153628406422
0,18.5641735805072,18.2528466770444
0,17.300344500719,17.0102119649579
0,16.1367300884472,15.8661113240584
0,15.0586738116872,14.80613401185
0,14.0562394755962,13.8205104631159
0,13.1224628903269,12.9023932772194
0,12.2519378599148,12.0464669199057
0,11.4396529644925,11.2478040126363
0,10.6814162921936,10.5022829417543
0,9.97361935724536,9.80635573566202
0,9.31273250623817,9.15655193310928
0,8.69572958630521,8.54989612970275
0,8.1197269647126,7.98355305112462
0,7.582068101252,7.45491070724921
0,7.08006843099489,6.96132955320423
0,6.61141752184602,6.50053790275664
0,6.17388628425471,6.07034404810643
0,5.76533348065152,5.66864266016033
0,5.38388919175683,5.29359517811702
0,29.5997371148536,29.1033439890893
0,29.5993311200064,29.102944802761
0,29.5985804648807,29.1022067360945
0,29.5973272560931,29.1009745435726
0,29.5955368645397,29.0992141768205
0,29.5932270237019,29.0969430719296
0,29.5904537827823,29.0942163381593
0,29.5872975627528,29.091113047825
0,29.5838197297885,29.087693537993
0,29.5800820893832,29.0840185776813
0,29.5761421386879,29.0801446998159
0,29.5720534313585,29.0761245599598
0,29.5678614534064,29.0720028813255
0,29.5636031454452,29.0678159850338
0,29.5593100700981,29.0635949044042
0,29.5550098340145,29.0593667831233
0,29.5507267562117,29.0551555323795
0,29.5464734855019,29.0509735888648
0,29.5422670793735,29.0468377240142
0,29.5381148296752,29.0427551073923
0,29.5340274467697,29.0387362697495
0,29.5300097131664,29.0347859133926
0,29.526067538368,29.0309098487222
0,29.5222031896223,29.0271103049644
0,29.5184198033217,29.0233903659144
0,0,0
0,0,0
0,0,0
0,0,0
0,0,0
0,0,0
0,0,0
0,0,0
0,0,0
0,0,0
0,0,0
0,0,0
0,0,0
0,0,0
0,0,0
0,0,0
0,0,0
0,0,0
0,0,0
0,0,0
0,0,0
0,0,0
0,0,0
0,0,0
0,0,0
31.956641938447,0,31.420723900798
28.1451045318233,0,27.6731057920812
25.4463778303834,0,25.0196366068605
23.3322625432999,0,22.9409749308609
21.5619240737284,0,21.2003249517755
20.0154582784319,0,19.6797933130484
18.6277257473536,0,18.315332989378
17.3619566899149,0,17.0707908177948
16.1964494970478,0,15.9248291241651
15.1165028326024,0,14.8629931130349
14.1121898737009,0,13.8755224338656
13.1765449366719,0,12.9555682171643
12.3041648399444,0,12.0978178924533
11.4900314575678,0,11.2973374875116
10.7299572828793,0,10.5500097199605
10.0203393366187,0,9.85229203232752
9.35766332780593,0,9.20072906812239
8.7388998236742,0,8.59234219801927
8.16116599503395,0,8.02429693773462
7.62182080157254,0,7.49399653707415
7.11817312900796,0,6.99879501161215
6.64790893757156,0,6.53641712791493
6.20881896215088,0,6.10469067013906
5.79875049883916,0,5.70149903511813
5.41583955196014,0,5.32500948629316
29.7753949393479,0,29.2760560033878
29.7751166850871,0,29.2757824154376
29.7748382000038,0,29.2755086005357
29.7745588642164,0,29.275233949196
29.774278640092,0,29.2749584244165
29.7739907551606,0,29.2746753673016
29.7736985449242,0,29.2743880574167
29.7734172807539,0,29.274111510033
29.7731406158925,0,29.2738394848279
29.7728657235787,0,29.273569202445
29.7725908332779,0,29.2732989220412
29.77231704009,0,29.2730297203519
29.7720444930156,0,29.2727617438788
29.7717712131372,0,29.2724930468907
29.7714968226145,0,29.2722232578839
29.7712236156527,0,29.2719546325896
29.77095527168,0,29.2716907887324
29.7706831221079,0,29.2714232030954
29.7704125088214,0,29.2711571279806
29.7701375677285,0,29.2708867976366
29.7698623527494,0,29.2706161979995
29.7695851893095,0,29.270343682577
29.7693078958392,0,29.2700710393048
29.7690303494081,0,29.2697981473139
29.7687532958228,0,29.2695257399038
0,0,0
0,0,0
0,0,0
0,0,0
0,0,0
0,0,0
0,0,0
0,0,0
0,0,0
0,0,0
0,0,0
0,0,0
0,0,0
0,0,0
0,0,0
0,0,0
0,0,0
0,0,0
0,0,0
0,0,0
0,0,0
0,0,0
0,0,0
0,0,0
0,0,0
0,31.8733529095816,31.3388317143907
0,28.0609841829725,27.5903961789659
0,25.362878387769,24.9375374534997
0,23.2501345524577,22.8602242035358
0,21.4815783039357,21.1213265355089
0,19.9370752040386,19.6027246584603
0,18.5514477755017,18.2403341174467
0,17.2878442398211,16.9979211360434
0,16.1245067537896,15.8540927487478
0,15.0467960916399,14.7944552287163
0,14.044735319246,13.8091989544005
0,13.11134484018,12.8914613767787
0,12.2412052652508,12.0359139894864
0,11.4293153592814,11.2376394277557
0,10.6714859381199,10.4925187597976
0,9.96408029103777,9.79697626230091
0,9.30357705419257,9.14754962448025
0,8.68695154315706,8.54126488568182
0,8.11132282202828,7.97528942312212
0,7.57401901445688,7.44699616765527
0,7.07236789463352,6.95375770653589
0,6.60406400861678,6.49330724814464
0,6.16685911999405,6.06343425885655
0,5.75862664479352,5.66204781738344
0,5.3774895178706,5.28730233684882
0,29.5645527605873,29.068749697946
0,29.5641462276064,29.0683499824985
0,29.5633951616815,29.0676115119034
0,29.562142136673,29.0663795000479
0,29.560352839675,29.0646202094516
0,29.558045810844,29.0623518693535
0,29.5552749498552,29.0596274755347
0,29.5521216567502,29.0565270629628
0,29.5486495185572,29.0531131523158
0,29.5449173224439,29.0494435449038
0,29.540983028761,29.0455752290862
0,29.5369003292536,29.0415609962008
0,29.5327144223466,29.0374452866975
0,29.5284622090056,29.0332643827151
0,29.5241753194529,29.029049384039
0,29.5198808603195,29.0248269427235
0,29.5156038598751,29.0206216673159
0,29.5113562572753,29.0164452967528
0,29.5071558529881,29.0123153329895
0,29.503009151572,29.0082381715034
0,29.4989273370455,29.0042248087578
0,29.4949149313076,29.0002796908196
0,29.4909776763249,28.996408463363
0,29.4871186111727,28.9926141144982
0,29.4833399978819,28.988898868322
0,0,0
0,0,0
0,0,0
0,0,0
0,0,0
0,0,0
0,0,0
0,0,0
0,0,0
0,0,0
0,0,0
0,0,0
0,0,0
0,0,0
0,0,0
0,0,0
0,0,0
0,0,0
0,0,0
0,0,0
0,0,0
0,0,0
0,0,0
0,0,0
0,0,0
31.9559599789319,0,31.4200535788172
28.1443427348828,0,27.6723568736024
25.4452439973487,0,25.0185218219588
23.3307312256449,0,22.9394692728023
21.5600794361433,0,21.1985111826482
20.0133920950762,0,19.6777616737187
18.6255403648213,0,18.3131841141739
17.35972223845,0,17.0685936640153
16.1942013410304,0,15.9226184657085
15.1142925319161,0,14.860819647328
14.1100372462243,0,13.8734056483862
13.1744587989411,0,12.9535167823601
12.3021442614184,0,12.0958308950143
11.4880850704798,0,11.2954234164056
10.728090668298,0,10.5481740640511
10.0185548946989,0,9.85053715281585
9.35595159755299,0,9.19904566388022
8.737259920002,0,8.59072939993168
8.15959984249239,0,8.02275663913127
7.62031807875036,0,7.49251859061946
7.11673402635764,0,6.99737960548196
6.64653813915925,0,6.53506886848173
6.20750565350752,0,6.10339892509268
5.79749557655533,0,5.70026468675914
5.41463939331511,0,5.32382897335147
29.7687966645463,0,29.2695685224833
29.7685184677505,0,29.2692949910272
29.768240044249,0,29.2690212366673
29.7679607287818,0,29.2687466052999
29.7676805007661,0,29.2684710766874
29.7673930694422,0,29.2681884655655
29.7671002816657,0,29.2679005878184
29.7668186453581,0,29.2676236745309
29.7665425007317,0,29.2673521608294
29.7662677808763,0,29.2670820480057
29.7659929596591,0,29.26681183552
29.7657195438968,0,29.2665430049199
29.7654469872601,0,29.2662750190378
29.7651736330279,0,29.2660062489358
29.7648992386087,0,29.2657364560907
29.7646254664643,0,29.265467275085
29.7643574086744,0,29.2652037126044
29.7640848174424,0,29.2649356927072
29.7638148746082,0,29.2646702767944
29.7635396481874,0,29.2643996659003
29.7632650349066,0,29.2641296578639
29.7629876842249,0,29.2638569583326
29.7627106585084,0,29.2635845783169
29.7624330305459,0,29.2633116061548
29.7621560663581,0,29.2630392866359
0,0,0
0,0,0
0,0,0
0,0,0
0,0,0
0,0,0
0,0,0
0,0,0
0,0,0
0,0,0
0,0,0
0,0,0
0,0,0
0,0,0
0,0,0
0,0,0
0,0,0
0,0,0
0,0,0
0,0,0
0,0,0
0,0,0
0,0,0
0,0,0
0,0,0
0,31.8636501455416,31.329291900764
0,28.0510142221632,27.5805935472239
0,25.3525584426423,24.9273906343087
0,23.2395555854955,22.8498226496388
0,21.4708683405319,21.1107961345529
0,19.9263505617304,19.5921797833548
0,18.5408302021162,18.2298944785778
0,17.2774022489316,16.9876541012895
0,16.1142854857754,15.844042704176
0,15.0368495039386,14.7846752291986
0,14.035086716233,13.799711915528
0,13.102005565531,12.8822784538359
0,12.2321764446373,12.0270362909632
0,11.4206058583528,11.229075672187
0,10.6631110438504,10.4842839792459
0,9.95601923190207,9.78905003492943
0,9.29583001052316,9.13993212885472
0,8.67951430371736,8.53395198236411
0,8.10419288703904,7.9682786553532
0,7.56718256463475,7.44027394892752
0,7.06582013605182,6.94731932427223
0,6.59780347756543,6.48715126407537
0,6.16087035634662,6.05754547295399
0,5.75290515775601,5.65642181494057
0,5.3720245398385,5.28192853155935
0,29.5345072103675,29.0392081795345
0,29.5341002693105,29.0388080628434
0,29.5333489323877,29.0380693257749
0,29.5320961721013,29.0368375741686
0,29.5303078463786,29.0350792385114
0,29.5280030161649,29.0328130600982
0,29.5252342268084,29.0300907030962
0,29.5220833911294,29.0269927066551
0,29.5186153938415,29.0235828673774
0,29.5148874129794,29.0199174044272
0,29.5109574533687,29.0160533498944
0,29.5068794853133,29.0120437690054
0,29.502698232109,29.0079326350505
0,29.4984507110887,29.003756344585
0,29.4941685795501,28.9995460240165
0,29.4898786079754,28.9953279948887
0,29.4856061837518,28.9911272188444
0,29.48136299009,28.9869551831679
0,29.4771670834017,28.9828296414666
0,29.4730246823102,28.978756708078
0,29.4689470695194,28.9747474764958
0,29.4649387402193,28.9708063665264
0,29.461005209157,28.9669388004348
0,29.4571499856313,28.9631482286693
0,29.4533749048996,28.9594364557102
0,0,0
0,0,0
0,0,0
0,0,0
0,0,0
0,0,0
0,0,0
0,0,0
0,0,0
0,0,0
0,0,0
0,0,0
0,0,0
0,0,0
0,0,0
0,0,0
0,0,0
0,0,0
0,0,0
0,0,0
0,0,0
0,0,0
0,0,0
0,0,0
0,0,0
31.9561518387271,0,31.4202424964899
28.1443342154155,0,27.6723486659245
25.4448695485604,0,25.0181537461928
23.3299964915753,0,22.9387468946605
21.559060829012,0,21.1975096425265
20.0121672855127,0,19.6765573459717
18.6241921352885,0,18.3118583974461
17.3583076544448,0,17.0672026702286
16.1927512862625,0,15.9211925634563
15.1128480789059,0,14.8593992227391
14.1086158078413,0,13.8720078244306
13.1730691151111,0,12.9521501543136
12.3007875714186,0,12.0944966831378
11.4867693479395,0,11.2941294622382
10.726824977165,0,10.5469292810487
10.0173347404587,0,9.8493371232453
9.35477515056773,0,9.19788859009709
8.73612743178597,0,8.58961553045852
8.15851339862217,0,8.02168802571546
7.6192711521136,0,7.49148881667921
7.11572747462673,0,6.99638951530331
6.64557577415282,0,6.53412221089172
6.20658049373902,0,6.10248883655372
5.79660895109101,0,5.69939247485954
5.41378890378673,0,5.32299228070163
29.7641208130266,0,29.264971294947
29.7638426561748,0,29.2646978027573
29.7635642759851,0,29.2644240909751
29.7632849840186,0,29.2641494827065
29.7630047613857,0,29.2638739593786
29.7627176292378,0,29.2635916424077
29.7624245376078,0,29.2633034658944
29.7621424700637,0,29.2630261285944
29.7618667766807,0,29.2627550585613
29.7615921578628,0,29.2624850450732
29.7613173886316,0,29.262214883694
29.7610442092451,0,29.261946285498
29.7607716424854,0,29.2616782896551
29.7604982543814,0,29.2614094862419
29.7602238755308,0,29.2611397086967
29.7599497737561,0,29.2608702035808
29.7596818333838,0,29.2606067565412
29.7594090103406,0,29.2603385087127
29.7591394280204,0,29.2600734472606
29.7588640841889,0,29.2598027209171
29.758589813207,0,29.2595330494317
29.7583123976088,0,29.2592602860648
29.7580355272003,0,29.2589880587449
29.7577578823196,0,29.2587150699406
29.7574809605013,0,29.258442792073
0,0,0
0,0,0
0,0,0
0,0,0
0,0,0
0,0,0
0,0,0
0,0,0
0,0,0
0,0,0
0,0,0
0,0,0
0,0,0
0,0,0
0,0,0
0,0,0
0,0,0
0,0,0
0,0,0
0,0,0
0,0,0
0,0,0
0,0,0
0,0,0
0,0,0
0,31.8549630783176,31.3207508240437
0,28.0420423281037,27.571772309494
0,25.3433030584657,24.9182905822179
0,23.2301121559341,22.8405376443187
0,21.4613468721309,21.101434347748
0,19.9168408484056,19.5828295096552
0,18.5314357699312,18.2206575125432
0,17.2681631708009,16.9785698473607
0,16.1052439148255,15.8351526114888
0,15.0280477247733,14.7760208757363
0,14.026543632225,13.7913118898527
0,13.0937307483176,12.8741421690638
0,12.22417148041,12.0191653085217
0,11.4128782813783,11.2214774016855
0,10.6556727436275,10.4769701123676
0,9.94885504181715,9.7820056608662
0,9.28894011416252,9.13315742947582
0,8.67289534779586,8.52744366189229
0,8.09784260680546,7.96203448820697
0,7.56109012583361,7.43428328365284
0,7.05998143891961,6.94157813089309
0,6.59221671284446,6.48165776464321
0,6.15552322352133,6.05228757413388
0,5.74779371767281,5.65139564447904
0,5.36713951945323,5.27712497270638
0,29.5076501718857,29.012801768744
0,29.5072429823082,29.0124014076883
0,29.5064915381838,29.0116625651942
0,29.5052391081945,29.0104311383096
0,29.5034516864288,29.0086736913983
0,29.5011486567047,29.0064092832137
0,29.4983817366645,29.0036887640995
0,29.4952330809073,29.0005929109318
0,29.4917680192571,28.9971859579608
0,29.4880436961573,28.9935240913245
0,29.4841172513551,28.9896634925432
0,29.4800430149567,28.9856575806134
0,29.4758654584125,28.9815500812046
0,29.4716216577823,28.9773774486154
0,29.4673432684674,28.9731708073897
0,29.4630569029831,28.968956323754
0,29.4587879521327,28.9647589627108
0,29.4545481878017,28.9605902987325
0,29.4503556852143,28.956468103924
0,29.4462165709661,28.9523984021384
0,29.4421421159141,28.9483922752218
0,29.4381368563724,28.9444541834149
0,29.4342061394401,28.9405893841465
0,29.4303537485034,28.936801597356
0,29.4265813143708,28.9330924265032
0,0,0
0,0,0
0,0,0
0,0,0
0,0,0
0,0,0
0,0,0
0,0,0
0,0,0
0,0,0
0,0,0
0,0,0
0,0,0
0,0,0
0,0,0
0,0,0
0,0,0
0,0,0
0,0,0
0,0,0
0,0,0
0,0,0
0,0,0
0,0,0
0,0,0
31.9573497715189,0,31.4214206872995
28.1452737651836,0,27.6732726918802
25.4454572913207,0,25.0187317835419
23.3302485528429,0,22.938994816114
21.5590404821728,0,21.1974896707493
20.0119379226608,0,19.6763318167328
18.6238196506025,0,18.3114921046771
17.3578387057118,0,17.066741492951
16.1922133728762,0,15.9206635429263
15.112274601277,0,14.8588352018285
14.1080228889272,0,13.8714246579973
13.1724661500939,0,12.9515570820538
12.3001782145443,0,12.093897299923
11.4861617400358,0,11.2935317741313
10.726231041358,0,10.5463450128563
10.016746510884,0,9.84875844421014
9.35419666456305,0,9.19731947126548
8.73556047838273,0,8.58905773218354
8.15796085088875,0,8.02114437412116
7.61872992910631,0,7.49095628364538
7.11519946244715,0,6.99586995637771
6.64506468182107,0,6.53361927390108
6.20608269773976,0,6.10199895968754
5.79612644599311,0,5.69891762011275
5.41332083636609,0,5.32253160997686
29.761547455346,0,29.2624413712309
29.761269319868,0,29.2621679000482
29.7609909630308,0,29.2618942112185
29.7607116871738,0,29.2616196187808
29.7604314719831,0,29.2613441027619
29.7601444916464,0,29.2610619350477
29.7598512751479,0,29.2607736357513
29.7595690081718,0,29.2604961023551
29.7592935094476,0,29.2602252237083
29.7590189385861,0,29.2599552573639
29.7587442161958,0,29.2596851420319
29.7584711380605,0,29.2594166433809
29.7581985686385,0,29.2591486449122
29.7579251692663,0,29.2588798304115
29.7576508044895,0,29.2586100666957
29.7573765390024,0,29.2583404006048
29.7571086383232,0,29.2580769925846
29.7568357063285,0,29.2578086376234
29.7565662893438,0,29.2575437387261
29.7562909015728,0,29.2572729691717
29.7560167958284,0,29.2570034601445
29.7557393618933,0,29.2567306787399
29.7554625679824,0,29.2564585266264
29.755184926145,0,29.256185540806
29.7549080274707,0,29.255913285686
0,0,0
0,0,0
0,0,0
0,0,0
0,0,0
0,0,0
0,0,0
0,0,0
0,0,0
0,0,0
0,0,0
0,0,0
0,0,0
0,0,0
0,0,0
0,0,0
0,0,0
0,0,0
0,0,0
0,0,0
0,0,0
0,0,0
0,0,0
0,0,0
0,0,0
0,31.8469958053693,31.3129175415961
0,28.0337360669759,27.5636056045266
0,25.3347444397615,24.9098756673598
0,23.2214117025669,22.8319832073241
0,21.4526054369835,21.0928395609721
0,19.9081343711527,19.574269046282
0,18.5228477664331,18.2122134928548
0,17.2597260131308,16.9702741043713
0,16.0969912261053,15.8270382076006
0,15.0200133467414,14.7681210878449
0,14.0187431208026,13.7836420153737
0,13.0861722404705,12.8667102106531
0,12.2168567395554,12.0119730020006
0,11.4058137068413,11.2145310408836
0,10.6488677719312,10.4702789772486
0,9.9422981707751,9.77555844370792
0,9.28263141356439,9.12695420036292
0,8.66683196480574,8.52148161720109
0,8.09202237488818,7.95631149901546
0,7.55550416756733,7.42879062260877
0,7.05462603702156,6.93631214416552
0,6.58708977735689,6.47661639836438
0,6.15061452564109,6.04746077200685
0,5.7430995717937,5.64677978360959
0,5.36265170007186,5.27271196637748
0,29.482976879183,28.9885425490591
0,29.4825695489204,28.9881420496648
0,29.4818181081398,28.987403210435
0,29.4805660590189,28.9861721579927
0,29.4787794972283,28.9844155565789
0,29.4764779426298,28.9821525987104
0,29.4737127303883,28.979433758669
0,29.4705660736419,28.9763398708905
0,29.4671034432411,28.9729353082891
0,29.4633820026849,28.9692762757402
0,29.4594584255112,28.965418496375
0,29.4553871742888,28.9614155194331
0,29.4512125963289,28.9573109485276
0,29.4469717760457,28.9531412461729
0,29.4426963524073,28.9489375207561
0,29.4384129865134,28.9447259862743
0,29.4341466514536,28.940531197022
0,29.4299095787364,28.9363651793871
0,29.4257196955366,28.9322455599084
0,29.4215831023609,28.928178336788
0,29.4175110463125,28.9241745685168
0,29.4135080954192,28.9202387465175
0,29.4095795087944,28.9163760417089
0,29.4057291965772,28.9125902986577
0,29.4019587125959,28.9088830451347
0,0,0
0,0,0
0,0,0
0,0,0
0,0,0
0,0,0
0,0,0
0,0,0
0,0,0
0,0,0
0,0,0
0,0,0
0,0,0
0,0,0
0,0,0
0,0,0
0,0,0
0,0,0
0,0,0
0,0,0
0,0,0
0,0,0
0,0,0
0,0,0
0,0,0
31.9593390721087,0,31.4233770499961
28.1469559607914,0,27.6749269763994
25.4467949248623,0,25.0200471969237
23.3312673092108,0,22.9399966314275
21.5597947981579,0,21.1982314230153
20.0124809652341,0,19.6768657885695
18.624204389245,0,18.3118703824177
17.3581037743095,0,17.067002066548
16.1923834453082,0,15.9208306757278
15.1123769348036,0,14.8589356967663
14.1080724336224,0,13.8714732168832
13.1724727264635,0,12.951563362927
12.3001473321987,0,12.0938667220451
11.4861016062167,0,11.2934724089946
10.7261519383088,0,10.546266972022
10.0166455617735,0,9.84865890072254
9.35407859140576,0,9.19720306946964
8.73542833288188,0,8.58892747402637
8.15781820012529,0,8.0210037681915
7.61857642050947,0,7.49080498452603
7.11503781567499,0,6.99571063927325
6.64489860038609,0,6.53345558129689
6.20591119404793,0,6.10182992155897
5.79595199882712,0,5.69874567461249
5.41314392780125,0,5.32235723197396
29.7605748411584,0,29.2614854150274
29.760296713847,0,29.2612119518654
29.7600183654329,0,29.2609382713086
29.7597390979671,0,29.2606636871123
29.7594588910897,0,29.2603881792583
29.7591719473953,0,29.2601060475626
29.7588787280102,0,29.2598177454185
29.7585964354411,0,29.2595401868495
29.7583209699001,0,29.2592693408205
29.7580464085966,0,29.258999383865
29.7577717018565,0,29.2587292839119
29.7574986448119,0,29.2584608059891
29.7572260806977,0,29.2581928127304
29.7569526825689,0,29.2579239994434
29.756678323709,0,29.2576542415366
29.7564040100613,0,29.2573845280838
29.7561361167332,0,29.2571211272828
29.7558631510273,0,29.2568527391671
29.7555937773885,0,29.2565878828799
29.7553183773527,0,29.2563171012575
29.7550443185683,0,29.256047638394
29.7547668815054,0,29.2557748539051
29.7544901101183,0,29.2555027239288
29.7542124709543,0,29.255229740728
29.7539355796352,0,29.2549574928308
0,0,0
0,0,0
0,0,0
0,0,0
0,0,0
0,0,0
0,0,0
0,0,0
0,0,0
0,0,0
0,0,0
0,0,0
0,0,0
0,0,0
0,0,0
0,0,0
0,0,0
0,0,0
0,0,0
0,0,0
0,0,0
0,0,0
0,0,0
0,0,0
0,0,0
0,31.8400357325641,31.306074642875
0,28.026401706611,27.556394567455
0,25.3271706983708,24.9024291733783
0,23.2137117161594,22.8244125147574
0,21.4448691223369,21.0852330902314
0,19.900426306361,19.5666903000008
0,18.5152350916107,18.2047284905433
0,17.2522368420008,16.962910492376
0,16.0896537987678,15.8198237557975
0,15.0128556720913,14.7610833382927
0,14.0117794709717,13.7767950033949
0,13.0794110757024,12.8600622569122
0,12.210301499497,12.0055274905776
0,11.399470948969,11.208294421236
0,10.642745802822,10.4642594184628
0,9.93638993362945,9.76974900901024
0,9.27693783409936,9.12135580151479
0,8.66135155950571,8.51609279703214
0,8.08675389619769,7.9511310322623
0,7.55044134496255,7.42381234518371
0,7.04976614471859,6.93153337718753
0,6.58243106160688,6.47203541860974
0,6.14614926245837,6.04306998605853
0,5.73882469033456,5.64257617308983
0,5.35856056151877,5.26868900470566
0,29.4604844724192,28.9664277082518
0,29.4600770935136,28.9660271610166
0,29.4593257508929,28.9652884182755
0,29.4580741198999,28.9640577769072
0,29.456288366656,28.9623019704213
0,29.453988040688,28.9600402205025
0,29.4512243290353,28.9573228557928
0,29.4480794245711,28.9542306908059
0,29.4446188098738,28.9508281099892
0,29.4408996204226,28.9471712906702
0,29.4369783333244,28.9433157628451
0,29.4329094335053,28.9393150977378
0,29.4287372029232,28.9352128347054
0,29.4244987112061,28.9310454217253
0,29.420225577953,28.9268439481415
0,29.4159444755737,28.9226346390723
0,29.4116801976713,28.9184418723366
0,29.4074451640586,28.9142778594691
0,29.4032572382509,28.9101601644173
0,29.3991225082108,28.9060947730498
0,29.3950522110989,28.9020927340819
0,29.3910509287134,28.8981585524759
0,29.3871238836637,28.8942973632592
0,29.3832750401927,28.8905130641947
0,29.3795059266175,28.8868071579703
0,0,0
0,0,0
0,0,0
0,0,0
0,0,0
0,0,0
0,0,0
0,0,0
0,0,0
0,0,0
0,0,0
0,0,0
0,0,0
0,0,0
0,0,0
0,0,0
0,0,0
0,0,0
0,0,0
0,0,0
0,0,0
0,0,0
0,0,0
0,0,0
0,0,0
31.961437839829,0,31.4254411170805
28.1486892999672,0,27.6766316114297
25.4481972648503,0,25.0214262902972
23.3323844917585,0,22.9410952763268
21.5606802145771,0,21.1991021272741
20.0131814837432,0,19.6775546421772
18.6247638104768,0,18.3124204569724
17.3585539708257,0,17.0674447043347
16.1927452912464,0,15.9211864042957
15.1126724164233,0,14.8592261366303
14.1083141501926,0,13.8717107586396
13.1726692189549,0,12.9517564066892
12.3003037671267,0,12.0940203498724
11.4862249670748,0,11.2935934892816
10.7262505230986,0,10.5463636654828
10.0167181131749,0,9.84872997286427
9.35412922339283,0,9.1972525668972
8.73545988320511,0,8.58895818841854
8.15783381409821,0,8.02101879353301
7.61857640507177,0,7.4908046239344
7.11502464796001,0,6.99569732957388
6.64487539006705,0,6.53343238116793
6.20587771866508,0,6.10179661334723
5.79591046980331,0,5.69870443365827
5.41309506845835,0,5.32230877040697
29.7603062205286,0,29.2612217145074
29.7600280945171,0,29.260948252614
29.7597497471105,0,29.2606745730381
29.7594704854227,0,29.2603999945134
29.7591902902197,0,29.2601244981285
29.7589033082849,0,29.2598423288237
29.7586101647419,0,29.2595541012398
29.7583279619614,0,29.2592766309439
29.7580524352599,0,29.2590057247705
29.7577778635999,0,29.2587357576227
29.7575031393486,0,29.2584656404426
29.757230073413,0,29.2581971537685
29.7569575246072,0,29.2579291755521
29.7566841394719,0,29.2576603750312
29.7564097841753,0,29.2573906206185
29.7561354999233,0,29.257120936059
29.7558676019198,0,29.2568575306518
29.7555946510672,0,29.2565891571308
29.7553252494198,0,29.2563242732955
29.7550498555533,0,29.2560534977295
29.7547757725587,0,29.2557840110523
29.7544983412183,0,29.2555112321804
29.7542215624489,0,29.255239094936
29.7539439271893,0,29.2549661155646
29.7536670371185,0,29.2546938688853
0,0,0
0,0,0
0,0,0
0,0,0
0,0,0
0,0,0
0,0,0
0,0,0
0,0,0
0,0,0
0,0,0
0,0,0
0,0,0
0,0,0
0,0,0
0,0,0
0,0,0
0,0,0
0,0,0
0,0,0
0,0,0
0,0,0
0,0,0
0,0,0
0,0,0
0,31.8335091779258,31.2996580642475
0,28.0194816532157,27.5495909530694
0,25.3200318597619,24.8954103465781
0,23.2064721202306,22.8172945450067
0,21.4376118322399,21.0780976600108
0,19.8932073962834,19.5595925511418
0,18.5081099146995,18.1977228536075
0,17.2452291426536,16.9560203179266
0,16.0827870885635,15.8130721647073
0,15.006153228537,14.754493220767
0,14.0052538513587,13.77037870884
0,13.0730701959046,12.8538275709029
0,12.2041492198429,11.9994782109594
0,11.3935133766816,11.2024365548919
0,10.6369901008472,10.4586000101454
0,9.93083134481973,9.76428338314329
0,9.27157744218588,9.11608502532691
0,8.65618838861926,8.51101591258236
0,8.08178696447297,7.94624707561153
0,7.54566569086931,7.41911643936965
0,7.04517938702976,6.92702318218557
0,6.57803142981688,6.46770919479324
0,6.14193033711081,6.03892142273047
0,5.73478356200881,5.63860241065179
0,5.35469140257168,5.26488431420709
0,29.4392124730131,28.9455128744979
0,29.438805114012,28.9451123468189
0,29.4380539419346,28.9443737717344
0,29.4368027637231,28.94314357551
0,29.4350177947987,28.9413885401271
0,29.4327185361579,28.9391278395546
0,29.4299561923645,28.9364118196671
0,29.4268128830466,28.9333212229642
0,29.4233540099754,28.9299203544436
0,29.4196366484153,28.9262653322299
0,29.4157172587824,28.9224116699104
0,29.4116502802372,28.9184128937126
0,29.4074799663638,28.9143125150975
0,29.4032433553752,28.9101469511556
0,29.3989720458702,28.9059472705838
0,29.3946926990182,28.9017396874496
0,29.3904300881527,28.897548559643
0,29.3861966355172,28.8933861010892
0,29.3820102041519,28.8892698752692
0,29.3778768711023,28.8852058573175
0,29.3738078801702,28.88120510248
0,29.3698078100525,28.8772721126699
0,29.3658818861053,28.8734120256151
0,29.3620340787758,28.8696287451792
0,29.3582659190853,28.8659237767087
