0,1.29635378814058e-06
0,1.29635378814058e-06
0,1.29635378814058e-06
0,1.29635378814058e-06
0,1.29635378814058e-06
0,1.29635378814058e-06
0,1.29635378814058e-06
0,1.29635378814058e-06
0,1.29635378814058e-06
0,1.29635378814058e-06
0,1.29635378814058e-06
0,1.29635378814058e-06
0,1.29635378814058e-06
0,1.29635378814058e-06
0,1.29635378814058e-06
0,1.29635378814058e-06
0,1.29635378814058e-06
0,1.29635378814058e-06
0,1.29635378814058e-06
0,1.29635378814058e-06
0,1.29635378814058e-06
0,1.29635378814058e-06
0,1.29635378814058e-06
0,1.29635378814058e-06
0,1.29635378814058e-06
36.7807656402814,36.7807671258903
36.1543545581923,36.1543560438013
35.8660001116719,35.8660015972814
35.5825275364076,35.5825290220174
35.3008171149816,35.3008186005914
35.0209410885318,35.0209425741416
34.7429550091031,34.7429564947129
34.4668951509024,34.4668966365122
34.1927875444205,34.1927890300303
33.9206490189424,33.9206505045522
33.6504973215996,33.6504988072093
33.3823351000346,33.3823365856444
33.1161636006563,33.1161650862661
32.8519852210479,32.8519867066577
32.5897945448416,32.5897960304513
32.3295893617382,32.3295908473479
32.0713591238112,32.0713606094209
31.8150941849916,31.8150956706013
31.560789827714,31.5607913133238
31.3084284928392,31.308429978449
31.0580048725173,31.0580063581271
30.8095068701121,30.8095083557219
30.5629203514194,30.5629218370291
30.3182374644436,30.3182389500533
30.0754436565748,30.0754451421845
12.1985999471067,12.1986214233444
12.1984799964121,12.1985014726498
12.1983592814698,12.1983807577076
12.1982386025986,12.1982600788364
12.1981179435128,12.1981394197506
12.1979973029505,12.1980187791884
12.1978766800025,12.1978981562405
12.1977560738034,12.1977775500416
12.1976354835256,12.1976569597639
12.1975149083695,12.197536384608
12.1973943475816,12.1974158238203
12.1972738004457,12.1972952766845
12.1971532662779,12.1971747425169
12.197032744431,12.1970542206702
12.1969122342822,12.1969337105216
12.1967917352448,12.1968132114844
12.1966712467537,12.1966927229936
12.1965507511998,12.1965722274399
12.1964302826887,12.196451758929
12.1963098228018,12.1963312990425
12.1961893715104,12.1962108477513
12.1960689283918,12.1960904046329
12.195948493038,12.1959699692794
12.1958280650671,12.1958495413088
12.1957076441164,12.1957291203585
0,2.60210468906163e-05
0,2.60210468906166e-05
0,2.60210468906168e-05
0,2.60210468906171e-05
0,2.60210468906174e-05
0,2.60210468906176e-05
0,2.60210468906179e-05
0,2.60210468906182e-05
0,2.60210468906184e-05
0,2.60210468906187e-05
0,2.6021046890619e-05
0,2.60210468906193e-05
0,2.60210468906195e-05
0,2.60210468906198e-05
0,2.60210468906201e-05
0,2.60210468906204e-05
0,2.60210468906207e-05
0,2.6021046890621e-05
0,2.60210468906213e-05
0,2.60210468906216e-05
0,2.60210468906219e-05
0,2.60210468906222e-05
0,2.60210468906225e-05
0,2.60210468906228e-05
0,2.60210468906231e-05
0,3.20877848131162e-05
0,3.2087784813117e-05
0,3.20877848131178e-05
0,3.20877848131185e-05
0,3.20877848131193e-05
0,3.20877848131201e-05
0,3.20877848131209e-05
0,3.20877848131217e-05
0,3.20877848131225e-05
0,3.20877848131233e-05
0,3.20877848131242e-05
0,3.2087784813125e-05
0,3.20877848131258e-05
0,3.20877848131267e-05
0,3.20877848131276e-05
0,3.20877848131284e-05
0,3.20877848131293e-05
0,3.20877848131302e-05
0,3.20877848131311e-05
0,3.20877848131319e-05
0,3.20877848131328e-05
0,3.20877848131337e-05
0,3.20877848131347e-05
0,3.20877848131356e-05
0,3.20877848131365e-05
0,3.23674046091553e-05
0,3.23674046091554e-05
0,3.23674046091555e-05
0,3.23674046091555e-05
0,3.23674046091556e-05
0,3.23674046091556e-05
0,3.23674046091557e-05
0,3.23674046091557e-05
0,3.23674046091558e-05
0,3.23674046091559e-05
0,3.23674046091559e-05
0,3.2367404609156e-05
0,3.2367404609156e-05
0,3.23674046091561e-05
0,3.23674046091561e-05
0,3.23674046091562e-05
0,3.23674046091563e-05
0,3.23674046091563e-05
0,3.23674046091564e-05
0,3.23674046091564e-05
0,3.23674046091565e-05
0,3.23674046091565e-05
0,3.23674046091566e-05
0,3.23674046091566e-05
0,3.23674046091567e-05
38.6791606202812,38.6791930585995
37.9516346074868,37.9516670458041
37.5751597461604,37.5751921844773
37.202090876973,37.2021233152894
36.8319297780111,36.831962216327
36.4649635903809,36.4649960286963
36.1012105584603,36.1012429967753
35.7407163835474,35.7407488218619
35.3835051378163,35.3835375761304
35.0295845232539,35.0296169615676
34.6789498048422,34.6789822431554
34.3315850206518,34.3316174589645
33.9874755004274,33.9875079387396
33.6466245502005,33.6466569885123
33.3090023520565,33.3090347903679
32.9745907715458,32.9746232098567
32.6433815545409,32.6434139928514
32.3153348893062,32.3153673276163
31.9904362945275,31.9904687328372
31.6686617654229,31.6686942037321
31.3499869304045,31.3500193687133
31.0343840514614,31.0344164897698
30.7218328855957,30.7218653239037
30.4123082757583,30.4123407140659
30.1057801877794,30.1058126260867
12.2109044441633,12.210941945478
12.2107845262798,12.210822027595
12.2106641681375,12.2107016694531
12.2105438406508,12.2105813419668
12.210423526716,12.2104610280325
12.2103032258698,12.2103407271868
12.2101829374768,12.2102204387943
12.2100626608619,12.2101001621799
12.2099423954936,12.2099798968121
12.2098221408562,12.2098596421751
12.209701896335,12.2097393976544
12.2095816614945,12.2096191628144
12.2094614358689,12.2094989371893
12.2093412189539,12.2093787202748
12.2092210103594,12.2092585116808
12.209100809692,12.2091383110138
12.2089806165369,12.2090181178593
12.2088604305515,12.2088979318744
12.2087402514041,12.2087777527275
12.2086200787501,12.208657580074
12.2084999122932,12.2085374136176
12.2083797517536,12.2084172530785
12.208259593737,12.2082970950624
12.2081394444838,12.2081769458098
12.2080193001748,12.2080568015013
0,3.83103615432958e-05
0,3.83103615432964e-05
0,3.83103615432971e-05
0,3.83103615432978e-05
0,3.83103615432985e-05
0,3.83103615432991e-05
0,3.83103615432998e-05
0,3.83103615433004e-05
0,3.83103615433011e-05
0,3.83103615433018e-05
0,3.83103615433025e-05
0,3.83103615433031e-05
0,3.83103615433038e-05
0,3.83103615433045e-05
0,3.83103615433051e-05
0,3.83103615433058e-05
0,3.83103615433065e-05
0,3.83103615433072e-05
0,3.83103615433079e-05
0,3.83103615433085e-05
0,3.83103615433092e-05
0,3.83103615433099e-05
0,3.83103615433106e-05
0,3.83103615433112e-05
0,3.83103615433119e-05
0,3.93704283748009e-05
0,3.93704283748022e-05
0,3.93704283748035e-05
0,3.93704283748049e-05
0,3.93704283748063e-05
0,3.93704283748076e-05
0,3.9370428374809e-05
0,3.93704283748103e-05
0,3.93704283748117e-05
0,3.93704283748131e-05
0,3.93704283748144e-05
0,3.93704283748158e-05
0,3.93704283748172e-05
0,3.93704283748185e-05
0,3.93704283748199e-05
0,3.93704283748213e-05
0,3.93704283748227e-05
0,3.93704283748241e-05
0,3.93704283748254e-05
0,3.93704283748268e-05
0,3.93704283748282e-05
0,3.93704283748296e-05
0,3.9370428374831e-05
0,3.93704283748324e-05
0,3.93704283748338e-05
0,3.94192872719958e-05
0,3.94192872719959e-05
0,3.9419287271996e-05
0,3.94192872719961e-05
0,3.94192872719961e-05
0,3.94192872719962e-05
0,3.94192872719963e-05
0,3.94192872719964e-05
0,3.94192872719965e-05
0,3.94192872719966e-05
0,3.94192872719967e-05
0,3.94192872719967e-05
0,3.94192872719968e-05
0,3.94192872719969e-05
0,3.9419287271997e-05
0,3.94192872719971e-05
0,3.94192872719972e-05
0,3.94192872719972e-05
0,3.94192872719973e-05
0,3.94192872719974e-05
0,3.94192872719975e-05
0,3.94192872719976e-05
0,3.94192872719977e-05
0,3.94192872719978e-05
0,3.94192872719979e-05
39.0371246150279,39.0371640984216
38.2964321818931,38.2964716652841
37.904935191566,37.9049746749556
37.5167272311477,37.516766714536
37.1316911849096,37.1317306682965
36.7500780968979,36.7501175802835
36.3719193174548,36.371958800839
35.9972620572295,35.9973015406123
35.6261299056894,35.6261693890709
35.2585212558039,35.2585607391841
34.8944286091539,34.8944680925328
34.533832095188,34.5338715785656
34.1767256756742,34.1767651590505
33.823106146653,33.8231456300281
33.4729268078333,33.472966291207
33.1261880400823,33.1262275234548
32.7828617745738,32.7829012579451
32.4429143036753,32.4429537870454
32.1063258060511,32.10636528942
31.7730699403047,31.7731094236724
31.4431174562405,31.4431569396071
31.116440550761,31.1164800341264
30.7930183470227,30.7930578303869
30.472815936343,30.4728554197061
30.1558141261576,30.1558536095196
12.2311982095695,12.2312402317159
12.2310773029328,12.2311193250796
12.2309560077416,12.230998029889
12.2308347357802,12.2308767579282
12.2307134754966,12.2307554976451
12.2305922263572,12.2306342485062
12.2304709878041,12.2305130099537
12.2303497593239,12.2303917814741
12.2302285404148,12.2302705625655
12.2301073306463,12.2301493527975
12.2299861295336,12.2300281516854
12.2298649366696,12.2299069588219
12.2297437516707,12.2297857738236
12.2296225741347,12.2296645962881
12.22950140371,12.229543425864
12.2293802400717,12.2294222622262
12.2292590828836,12.2293011050387
12.2291379318458,12.2291799540014
12.2290167866821,12.2290588088382
12.2288956471126,12.2289376692693
12.2287745128826,12.2288165350399
12.2286533837578,12.2286954059157
12.2285322595054,12.2285742816638
12.2284111399997,12.2284531621587
12.2282900249005,12.2283320470601
0,4.17563380269049e-05
0,4.17563380269057e-05
0,4.17563380269065e-05
0,4.17563380269074e-05
0,4.17563380269082e-05
0,4.1756338026909e-05
0,4.17563380269098e-05
0,4.17563380269106e-05
0,4.17563380269115e-05
0,4.17563380269123e-05
0,4.17563380269131e-05
0,4.17563380269139e-05
0,4.17563380269147e-05
0,4.17563380269155e-05
0,4.17563380269164e-05
0,4.17563380269172e-05
0,4.1756338026918e-05
0,4.17563380269188e-05
0,4.17563380269196e-05
0,4.17563380269204e-05
0,4.17563380269213e-05
0,4.17563380269221e-05
0,4.17563380269229e-05
0,4.17563380269237e-05
0,4.17563380269245e-05
0,4.14124826354182e-05
0,4.14124826354197e-05
0,4.14124826354213e-05
0,4.14124826354228e-05
0,4.14124826354244e-05
0,4.14124826354259e-05
0,4.14124826354275e-05
0,4.1412482635429e-05
0,4.14124826354305e-05
0,4.14124826354321e-05
0,4.14124826354336e-05
0,4.14124826354352e-05
0,4.14124826354367e-05
0,4.14124826354383e-05
0,4.14124826354398e-05
0,4.14124826354414e-05
0,4.14124826354429e-05
0,4.14124826354445e-05
0,4.1412482635446e-05
0,4.14124826354475e-05
0,4.14124826354491e-05
0,4.14124826354506e-05
0,4.14124826354522e-05
0,4.14124826354537e-05
0,4.14124826354552e-05
0,4.13966340378825e-05
0,4.13966340378826e-05
0,4.13966340378827e-05
0,4.13966340378828e-05
0,4.13966340378829e-05
0,4.1396634037883e-05
0,4.13966340378831e-05
0,4.13966340378832e-05
0,4.13966340378833e-05
0,4.13966340378834e-05
0,4.13966340378835e-05
0,4.13966340378836e-05
0,4.13966340378837e-05
0,4.13966340378838e-05
0,4.13966340378839e-05
0,4.13966340378839e-05
0,4.1396634037884e-05
0,4.13966340378841e-05
0,4.13966340378842e-05
0,4.13966340378844e-05
0,4.13966340378844e-05
0,4.13966340378845e-05
0,4.13966340378846e-05
0,4.13966340378847e-05
0,4.13966340378848e-05
39.2402278616895,39.2402693500001
38.4949361259307,38.4949776142367
38.0973123189736,38.0973538072772
37.7029809932794,37.7030224815806
37.3119346579918,37.3119761462905
36.9244046566616,36.924446144958
36.5404284758593,36.5404699641534
36.160052398259,36.1600938865507
35.7832978305481,35.7833393188375
35.4101615653286,35.4102030536158
35.0406334227231,35.040674911008
34.674690997518,34.6747324858007
34.3123320929325,34.312373581213
33.9535468267012,33.9535883149795
33.5982906297733,33.5983321180494
33.2465624893824,33.2466039776564
32.8983281432103,32.8983696314822
32.5535575033206,32.5535989915903
32.2122277113237,32.2122691995914
31.8743113187746,31.8743528070402
31.5397770264022,31.5398185146658
31.2085982935459,31.2086397818075
30.8807504017943,30.8807918900539
30.5561971933851,30.5562386816427
30.2349239659732,30.2349654542288
12.2632851605987,12.2633292704342
12.2631635904675,12.2632077003036
12.2630416553354,12.263085765172
12.2629197408338,12.2629638506709
12.2627978368767,12.2628419467144
12.2626759430426,12.2627200528808
12.2625540588015,12.2625981686403
12.2624321836771,12.2624762935164
12.2623103172282,12.262354427068
12.2621884590515,12.2622325688919
12.2620666087529,12.2621107185938
12.2619447659191,12.2619888757607
12.2618229302069,12.261867040049
12.2617011012828,12.2617452111254
12.2615792788258,12.261623388669
12.261457462511,12.2615015723547
12.261335652067,12.2613797619113
12.2612138472228,12.2612579570676
12.261092047722,12.2611361575674
12.2609702533125,12.2610143631584
12.2608484637735,12.2608925736201
12.2607266788908,12.2607707887379
12.2606048984599,12.2606490083076
12.2604831222883,12.2605272321365
12.2603613501653,12.2604054600141
0,4.333918395282e-05
0,4.33391839528209e-05
0,4.33391839528218e-05
0,4.33391839528227e-05
0,4.33391839528236e-05
0,4.33391839528245e-05
0,4.33391839528254e-05
0,4.33391839528263e-05
0,4.33391839528272e-05
0,4.33391839528281e-05
0,4.3339183952829e-05
0,4.33391839528299e-05
0,4.33391839528308e-05
0,4.33391839528317e-05
0,4.33391839528326e-05
0,4.33391839528335e-05
0,4.33391839528344e-05
0,4.33391839528353e-05
0,4.33391839528361e-05
0,4.3339183952837e-05
0,4.33391839528379e-05
0,4.33391839528388e-05
0,4.33391839528397e-05
0,4.33391839528406e-05
0,4.33391839528415e-05
0,4.23504394818664e-05
0,4.2350439481868e-05
0,4.23504394818697e-05
0,4.23504394818713e-05
0,4.2350439481873e-05
0,4.23504394818746e-05
0,4.23504394818762e-05
0,4.23504394818779e-05
0,4.23504394818795e-05
0,4.23504394818811e-05
0,4.23504394818827e-05
0,4.23504394818843e-05
0,4.23504394818859e-05
0,4.23504394818876e-05
0,4.23504394818892e-05
0,4.23504394818908e-05
0,4.23504394818924e-05
0,4.23504394818941e-05
0,4.23504394818957e-05
0,4.23504394818973e-05
0,4.23504394818989e-05
0,4.23504394819005e-05
0,4.23504394819021e-05
0,4.23504394819037e-05
0,4.23504394819053e-05
0,4.23048673782178e-05
0,4.2304867378218e-05
0,4.23048673782181e-05
0,4.23048673782182e-05
0,4.23048673782183e-05
0,4.23048673782184e-05
0,4.23048673782185e-05
0,4.23048673782186e-05
0,4.23048673782187e-05
0,4.23048673782188e-05
0,4.23048673782189e-05
0,4.2304867378219e-05
0,4.23048673782191e-05
0,4.23048673782192e-05
0,4.23048673782193e-05
0,4.23048673782194e-05
0,4.23048673782195e-05
0,4.23048673782196e-05
0,4.23048673782197e-05
0,4.23048673782198e-05
0,4.23048673782199e-05
0,4.230486737822e-05
0,4.23048673782201e-05
0,4.23048673782202e-05
0,4.23048673782203e-05
39.3708994612777,39.3709418931388
38.6239265925981,38.6239690244527
38.2235728650287,38.2236152968798
37.8265247996333,37.826567231481
37.4328096507865,37.4328520826308
37.0426515459247,37.0426939777656
36.656092866247,36.6561352980845
36.2731771293142,36.2732195611484
35.8939207228568,35.8939631546878
35.5183179236587,35.5183603554864
35.1463640789365,35.146406510761
34.7780314057373,34.7780738375586
34.4133238429377,34.4133662747558
34.0522270755915,34.0522695074065
33.6946934436516,33.6947358754635
33.3407227968856,33.3407652286944
32.9902783418904,32.9903207736962
32.6433333411571,32.6433757729599
32.2998630341154,32.2999054659153
31.9598390575782,31.9598814893751
31.6232294765393,31.6232719083333
31.2900090231058,31.2900514548969
30.9601500071027,30.9601924388909
30.6336172875835,30.6336597193689
30.3103954326082,30.3104378643908
12.2938963874659,12.2939420801499
12.2937743828446,12.2938200755292
12.2936520234305,12.2936977161156
12.2935296831027,12.2935753757883
12.2934073526656,12.2934530453518
12.2932850317069,12.2933307243935
12.2931627197225,12.2932084124097
12.2930404162859,12.2930861089737
12.292918120966,12.2929638136543
12.2927958333904,12.2928415260792
12.2926735531879,12.2927192458773
12.29255127999,12.2925969726799
12.2924290134563,12.2924747061467
12.2923067532797,12.2923524459707
12.292184499162,12.2922301918534
12.2920622508152,12.2921079435073
12.2919400079654,12.291985700658
12.2918177703682,12.2918634630613
12.2916955377864,12.2917412304801
12.2915733099918,12.291619002686
12.2914510867686,12.2914967794633
12.2913288679206,12.2913745606159
12.2912066532594,12.2912523459552
12.291084442606,12.2911301353024
12.2909622356545,12.2910079283515
0,4.45352897030865e-05
0,4.45352897030875e-05
0,4.45352897030885e-05
0,4.45352897030894e-05
0,4.45352897030904e-05
0,4.45352897030914e-05
0,4.45352897030923e-05
0,4.45352897030933e-05
0,4.45352897030942e-05
0,4.45352897030952e-05
0,4.45352897030962e-05
0,4.45352897030971e-05
0,4.4535289703098e-05
0,4.4535289703099e-05
0,4.45352897030999e-05
0,4.45352897031009e-05
0,4.45352897031019e-05
0,4.45352897031028e-05
0,4.45352897031038e-05
0,4.45352897031047e-05
0,4.45352897031056e-05
0,4.45352897031066e-05
0,4.45352897031075e-05
0,4.45352897031085e-05
0,4.45352897031094e-05
0,4.30592133492488e-05
0,4.30592133492505e-05
0,4.30592133492523e-05
0,4.3059213349254e-05
0,4.30592133492557e-05
0,4.30592133492574e-05
0,4.30592133492591e-05
0,4.30592133492608e-05
0,4.30592133492625e-05
0,4.30592133492642e-05
0,4.30592133492659e-05
0,4.30592133492676e-05
0,4.30592133492692e-05
0,4.30592133492709e-05
0,4.30592133492726e-05
0,4.30592133492743e-05
0,4.3059213349276e-05
0,4.30592133492776e-05
0,4.30592133492793e-05
0,4.3059213349281e-05
0,4.30592133492826e-05
0,4.30592133492843e-05
0,4.3059213349286e-05
0,4.30592133492876e-05
0,4.30592133492893e-05
0,4.29911790310928e-05
0,4.29911790310929e-05
0,4.2991179031093e-05
0,4.29911790310931e-05
0,4.29911790310932e-05
0,4.29911790310933e-05
0,4.29911790310934e-05
0,4.29911790310935e-05
0,4.29911790310936e-05
0,4.29911790310937e-05
0,4.29911790310938e-05
0,4.29911790310939e-05
0,4.2991179031094e-05
0,4.29911790310941e-05
0,4.29911790310942e-05
0,4.29911790310943e-05
0,4.29911790310944e-05
0,4.29911790310945e-05
0,4.29911790310946e-05
0,4.29911790310947e-05
0,4.29911790310948e-05
0,4.29911790310949e-05
0,4.2991179031095e-05
0,4.29911790310951e-05
0,4.29911790310952e-05
39.4928213427503,39.4928644978916
38.7450570098054,38.7451001649383
38.343487639902,38.3435307950303
37.9452248290325,37.9452679841564
37.5503112718385,37.550354426958
37.1589673765218,37.1590105316369
36.7712362014692,36.77127935658
36.387160858423,36.3872040135294
36.0067571384556,36.0068002935577
35.6300189326657,35.6300620877636
35.2569414052291,35.2569845603228
34.8874960811099,34.8875392361995
34.5216871959509,34.5217303510363
34.1594997805807,34.1595429356621
33.8008860557131,33.8009292107904
33.4458456607498,33.4458888158231
33.0943413965427,33.0943845516122
32.7463465396907,32.7463896947562
32.4018360028309,32.4018791578926
32.0607813426509,32.0608244977088
31.7231503021076,31.7231934571616
31.3889176345234,31.3889607895737
31.0580553761157,31.0580985311623
30.7305282670332,30.7305714220761
30.4063207640312,30.4063639190705
12.3328037018911,12.332850876879
12.3326814433022,12.3327286182907
12.3325588334462,12.3326060084352
12.3324362417472,12.3324834167367
12.3323136594939,12.3323608344839
12.3321910862803,12.3322382612708
12.3320685216239,12.3321156966149
12.3319459651265,12.331993140118
12.3318234163688,12.3318705913608
12.331700874998,12.3317480499905
12.3315783406596,12.3316255156527
12.3314558130025,12.3315029879961
12.3313332917046,12.3313804666987
12.3312107764728,12.3312579514674
12.3310882670243,12.3311354420195
12.3309657630772,12.3310129380729
12.3308432643824,12.3308904393786
12.3307207707039,12.3307679457007
12.3305982818158,12.3306454568131
12.3304757974954,12.3305229724933
12.3303533175475,12.3304004925459
12.3302308417836,12.3302780167825
12.3301083700231,12.3301555450226
12.329985902093,12.330033077093
12.3298634374062,12.3299106124067
0,4.5654115910852e-05
0,4.56541159108531e-05
0,4.56541159108541e-05
0,4.56541159108552e-05
0,4.56541159108562e-05
0,4.56541159108572e-05
0,4.56541159108582e-05
0,4.56541159108592e-05
0,4.56541159108602e-05
0,4.56541159108612e-05
0,4.56541159108622e-05
0,4.56541159108633e-05
0,4.56541159108643e-05
0,4.56541159108653e-05
0,4.56541159108663e-05
0,4.56541159108673e-05
0,4.56541159108683e-05
0,4.56541159108693e-05
0,4.56541159108703e-05
0,4.56541159108713e-05
0,4.56541159108723e-05
0,4.56541159108733e-05
0,4.56541159108743e-05
0,4.56541159108753e-05
0,4.56541159108763e-05
0,4.37221914041832e-05
0,4.3722191404185e-05
0,4.37221914041868e-05
0,4.37221914041886e-05
0,4.37221914041903e-05
0,4.37221914041921e-05
0,4.37221914041939e-05
0,4.37221914041957e-05
0,4.37221914041974e-05
0,4.37221914041992e-05
0,4.37221914042009e-05
0,4.37221914042027e-05
0,4.37221914042044e-05
0,4.37221914042062e-05
0,4.37221914042079e-05
0,4.37221914042097e-05
0,4.37221914042114e-05
0,4.37221914042131e-05
0,4.37221914042148e-05
0,4.37221914042166e-05
0,4.37221914042183e-05
0,4.372219140422e-05
0,4.37221914042217e-05
0,4.37221914042234e-05
0,4.37221914042252e-05
0,4.36331471728294e-05
0,4.36331471728295e-05
0,4.36331471728296e-05
0,4.36331471728297e-05
0,4.36331471728298e-05
0,4.36331471728299e-05
0,4.363314717283e-05
0,4.36331471728302e-05
0,4.36331471728303e-05
0,4.36331471728303e-05
0,4.36331471728305e-05
0,4.36331471728306e-05
0,4.36331471728307e-05
0,4.36331471728308e-05
0,4.36331471728309e-05
0,4.3633147172831e-05
0,4.36331471728311e-05
0,4.36331471728312e-05
0,4.36331471728313e-05
0,4.36331471728314e-05
0,4.36331471728315e-05
0,4.36331471728316e-05
0,4.36331471728317e-05
0,4.36331471728318e-05
0,4.36331471728319e-05
39.5987371249582,39.5987809593194
38.8505171295791,38.85056096393
38.4483888778235,38.4484327121688
38.0495621466385,38.0496059809783
37.6540872689712,37.6541311033055
37.2621833352767,37.2622271696056
36.8738935566701,36.8739373909937
36.4892609130239,36.4893047473422
36.1083009361981,36.1083447705111
35.7310073716012,35.731051205909
35.357375319444,35.3574191537466
34.9873761456117,34.9874199799092
34.6210140190206,34.6210578533131
34.2582740879097,34.2583179221972
33.8991082308492,33.8991520651316
33.5435161515976,33.5435599858751
33.1914607700617,33.1915046043344
32.8429151452295,32.8429589794974
32.4978542032784,32.4978980375415
32.1562495593909,32.1562933936493
31.8180688866961,31.8181127209498
31.4832868447853,31.4833306790343
31.1518756537352,31.1519194879797
30.8237998292158,30.8238436634558
30.4990440516692,30.4990878859047
12.370412267357,12.3704609058986
12.3702898697311,12.3703385082732
12.3701671206185,12.3702157591611
12.3700443889542,12.3700930274973
12.3699216664119,12.3699703049554
12.3697989525927,12.3698475911367
12.3696762470299,12.3697248855743
12.3695535493445,12.3696021878895
12.369430859126,12.3694794976715
12.3693081760366,12.3693568145825
12.3691854997335,12.3692341382799
12.3690628298763,12.3691114684232
12.3689401661568,12.3689888047043
12.3688175082922,12.3688661468402
12.3686948560084,12.3687434945569
12.3685722090321,12.3686208475811
12.3684495671297,12.3684982056793
12.3683269300712,12.3683755686212
12.3682042976346,12.3682529361851
12.368081669612,12.368130308163
12.3679590458137,12.3680076843653
12.3678364260584,12.3678850646106
12.367713810167,12.3677624487197
12.3675911979818,12.367639836535
12.3674685887707,12.3675172273244
0,4.67584650290804e-05
0,4.67584650290815e-05
0,4.67584650290826e-05
0,4.67584650290836e-05
0,4.67584650290847e-05
0,4.67584650290858e-05
0,4.67584650290869e-05
0,4.67584650290879e-05
0,4.6758465029089e-05
0,4.67584650290901e-05
0,4.67584650290912e-05
0,4.67584650290922e-05
0,4.67584650290933e-05
0,4.67584650290943e-05
0,4.67584650290954e-05
0,4.67584650290965e-05
0,4.67584650290975e-05
0,4.67584650290986e-05
0,4.67584650290996e-05
0,4.67584650291007e-05
0,4.67584650291017e-05
0,4.67584650291028e-05
0,4.67584650291038e-05
0,4.67584650291049e-05
0,4.67584650291059e-05
0,4.43765900469274e-05
0,4.43765900469293e-05
0,4.43765900469311e-05
0,4.4376590046933e-05
0,4.43765900469348e-05
0,4.43765900469366e-05
0,4.43765900469385e-05
0,4.43765900469403e-05
0,4.43765900469421e-05
0,4.43765900469439e-05
0,4.43765900469458e-05
0,4.43765900469476e-05
0,4.43765900469494e-05
0,4.43765900469512e-05
0,4.4376590046953e-05
0,4.43765900469548e-05
0,4.43765900469566e-05
0,4.43765900469584e-05
0,4.43765900469601e-05
0,4.43765900469619e-05
0,4.43765900469637e-05
0,4.43765900469655e-05
0,4.43765900469672e-05
0,4.4376590046969e-05
0,4.43765900469708e-05
0,4.42668077910713e-05
0,4.42668077910714e-05
0,4.42668077910715e-05
0,4.42668077910717e-05
0,4.42668077910718e-05
0,4.42668077910719e-05
0,4.4266807791072e-05
0,4.42668077910721e-05
0,4.42668077910722e-05
0,4.42668077910723e-05
0,4.42668077910724e-05
0,4.42668077910725e-05
0,4.42668077910726e-05
0,4.42668077910727e-05
0,4.42668077910729e-05
0,4.4266807791073e-05
0,4.42668077910731e-05
0,4.42668077910732e-05
0,4.42668077910733e-05
0,4.42668077910734e-05
0,4.42668077910735e-05
0,4.42668077910736e-05
0,4.42668077910737e-05
0,4.42668077910738e-05
0,4.42668077910739e-05
39.6968445891116,39.696889094346
38.9482944935246,38.9483389987468
38.5459793294363,38.5460238346518
38.1469562501651,38.1470007553741
37.7512794025244,37.7513239077269
37.3591680059507,37.3592125111468
36.9706652182835,36.9707097234732
36.5858140708986,36.5858585760821
36.2046300480035,36.2046745531807
35.8271068974754,35.8271514026464
35.4532397503254,35.4532842554903
35.0830000582569,35.0830445634157
34.7163918574744,34.7164363626272
34.3534007433705,34.3534452485174
33.9939782063916,33.9940227115326
33.6381241846666,33.6381686898018
33.2858019422432,33.2858464473726
32.9369842718045,32.9370287769283
32.5916462978672,32.5916908029853
32.249759764249,32.2498042693616
31.9112924306969,31.9113369358039
31.5762188309205,31.576263336022
31.2445115951264,31.2445561002225
30.9161349992735,30.9161795043643
30.5910741112178,30.5911186163032
12.4077396595099,12.4077897591127
12.4076172022199,12.4076673018231
12.4074943905738,12.4075444901775
12.4073715958429,12.407421695447
12.4072488099843,12.4072989095889
12.407126032605,12.40717613221
12.4070032632494,12.4070533628549
12.4068805015631,12.4069306011691
12.4067577471351,12.4068078467416
12.406634999645,12.4066850992519
12.4065122587266,12.406562358334
12.4063895240822,12.4064396236901
12.4062667954092,12.4063168950176
12.4061440724166,12.4061941720255
12.4060213548509,12.4060714544603
12.4058986424428,12.4059487420527
12.4057759349693,12.4058260345797
12.4056532321988,12.4057033318097
12.405530533921,12.4055806335324
12.4054078399402,12.4054579395522
12.4052851500621,12.4053352496745
12.4051624641165,12.4052125637294
12.4050397819295,12.405089881543
12.4049171033475,12.4049672029614
12.4047944281976,12.4048445278121
0,4.7860259929931e-05
0,4.78602599299322e-05
0,4.78602599299333e-05
0,4.78602599299345e-05
0,4.78602599299356e-05
0,4.78602599299368e-05
0,4.78602599299379e-05
0,4.7860259929939e-05
0,4.78602599299402e-05
0,4.78602599299413e-05
0,4.78602599299424e-05
0,4.78602599299435e-05
0,4.78602599299446e-05
0,4.78602599299458e-05
0,4.78602599299469e-05
0,4.7860259929948e-05
0,4.78602599299491e-05
0,4.78602599299502e-05
0,4.78602599299513e-05
0,4.78602599299524e-05
0,4.78602599299535e-05
0,4.78602599299546e-05
0,4.78602599299557e-05
0,4.78602599299568e-05
0,4.78602599299579e-05
0,4.5029476328732e-05
0,4.5029476328734e-05
0,4.50294763287359e-05
0,4.50294763287379e-05
0,4.50294763287397e-05
0,4.50294763287417e-05
0,4.50294763287436e-05
0,4.50294763287455e-05
0,4.50294763287473e-05
0,4.50294763287492e-05
0,4.50294763287511e-05
0,4.5029476328753e-05
0,4.50294763287549e-05
0,4.50294763287567e-05
0,4.50294763287586e-05
0,4.50294763287604e-05
0,4.50294763287623e-05
0,4.50294763287641e-05
0,4.5029476328766e-05
0,4.50294763287678e-05
0,4.50294763287697e-05
0,4.50294763287715e-05
0,4.50294763287733e-05
0,4.50294763287751e-05
0,4.5029476328777e-05
0,4.48990026672305e-05
0,4.48990026672306e-05
0,4.48990026672307e-05
0,4.48990026672308e-05
0,4.48990026672309e-05
0,4.4899002667231e-05
0,4.48990026672312e-05
0,4.48990026672313e-05
0,4.48990026672314e-05
0,4.48990026672315e-05
0,4.48990026672316e-05
0,4.48990026672317e-05
0,4.48990026672318e-05
0,4.48990026672319e-05
0,4.4899002667232e-05
0,4.48990026672321e-05
0,4.48990026672323e-05
0,4.48990026672324e-05
0,4.48990026672325e-05
0,4.48990026672326e-05
0,4.48990026672327e-05
0,4.48990026672328e-05
0,4.48990026672329e-05
0,4.4899002667233e-05
0,4.48990026672331e-05
39.7989086963377,39.7989535960956
39.0500467994381,39.0500916991819
38.6478149829064,38.6478598826425
38.2488613004843,38.2489062002128
37.8532411417683,37.8532860414893
37.4611745217292,37.4612194214428
37.0727047318258,37.072749631532
36.6878763205079,36.6879212202068
36.306704017423,36.3067489171147
35.929181039614,35.9292259392985
35.5553030469743,35.5553479466517
35.1850417279358,35.1850866276062
34.8184010792254,34.8184459788888
34.455367570572,34.4554124702286
34.0958918638166,34.0959367634663
33.7399744618561,33.7400193614991
33.3875793093416,33.387624208978
33.0386786841059,33.0387235837356
32.6932481383898,32.693293038013
32.3512596337758,32.3513045333925
32.0126811516528,32.0127260512631
31.6774869198495,31.6775318194535
31.3456504014925,31.3456953010903
31.0171353793481,31.0171802789396
30.6919276512045,30.6919725507899
12.4486458553286,12.4486974169507
12.4485234081308,12.4485749697533
12.4484006011391,12.4484521627621
12.4482778106889,12.4483293723123
12.448155028903,12.4482065905269
12.4480322553946,12.4480838170189
12.4479094897173,12.4479610513421
12.4477867315286,12.4478382931538
12.4476639804225,12.4477155420482
12.4475412360865,12.4475927977126
12.4474184981694,12.4474700597959
12.4472957663711,12.4473473279981
12.4471730404029,12.4472246020304
12.4470503199764,12.4471018816044
12.4469276048474,12.4469791664759
12.4468048947513,12.4468564563803
12.4466821894702,12.4467337510997
12.446559488781,12.446611050411
12.4464367924749,12.4464883541054
12.4463141003643,12.4463656619952
12.4461914122575,12.4462429738889
12.4460687279888,12.4461202896206
12.445946047391,12.4459976090234
12.4458233703119,12.4458749319448
12.445700696605,12.4457522582384
0,4.89643248781889e-05
0,4.89643248781901e-05
0,4.89643248781913e-05
0,4.89643248781925e-05
0,4.89643248781936e-05
0,4.89643248781949e-05
0,4.8964324878196e-05
0,4.89643248781972e-05
0,4.89643248781984e-05
0,4.89643248781996e-05
0,4.89643248782008e-05
0,4.8964324878202e-05
0,4.89643248782032e-05
0,4.89643248782043e-05
0,4.89643248782055e-05
0,4.89643248782067e-05
0,4.89643248782079e-05
0,4.8964324878209e-05
0,4.89643248782102e-05
0,4.89643248782113e-05
0,4.89643248782125e-05
0,4.89643248782137e-05
0,4.89643248782148e-05
0,4.8964324878216e-05
0,4.89643248782171e-05
0,4.568370722284e-05
0,4.5683707222842e-05
0,4.5683707222844e-05
0,4.5683707222846e-05
0,4.56837072228479e-05
0,4.56837072228499e-05
0,4.56837072228519e-05
0,4.56837072228538e-05
0,4.56837072228558e-05
0,4.56837072228577e-05
0,4.56837072228597e-05
0,4.56837072228616e-05
0,4.56837072228636e-05
0,4.56837072228655e-05
0,4.56837072228674e-05
0,4.56837072228693e-05
0,4.56837072228712e-05
0,4.56837072228731e-05
0,4.5683707222875e-05
0,4.56837072228769e-05
0,4.56837072228788e-05
0,4.56837072228807e-05
0,4.56837072228826e-05
0,4.56837072228845e-05
0,4.56837072228863e-05
0,4.55325005445077e-05
0,4.55325005445078e-05
0,4.5532500544508e-05
0,4.55325005445081e-05
0,4.55325005445082e-05
0,4.55325005445083e-05
0,4.55325005445084e-05
0,4.55325005445085e-05
0,4.55325005445086e-05
0,4.55325005445088e-05
0,4.55325005445089e-05
0,4.5532500544509e-05
0,4.55325005445091e-05
0,4.55325005445092e-05
0,4.55325005445093e-05
0,4.55325005445094e-05
0,4.55325005445096e-05
0,4.55325005445097e-05
0,4.55325005445098e-05
0,4.55325005445099e-05
0,4.553250054451e-05
0,4.55325005445101e-05
0,4.55325005445103e-05
0,4.55325005445104e-05
0,4.55325005445105e-05
39.906638101049,39.9066836344094
39.1574544169237,39.1574999502679
38.7554858240563,38.7555313573919
38.3567780145417,38.3568235478687
37.9613859656128,37.9614314989312
37.5695325704099,37.5695781037199
37.181260444695,37.1813059779966
36.796613143603,36.7966586768964
36.4156065134789,36.415652046764
36.0382346325104,36.0382801657874
35.6644929050006,35.6645384382696
35.2943534768353,35.2943990100963
34.9278200054543,34.9278655387074
34.5648797220664,34.5649252553116
34.2054832159472,34.2055287491847
33.8496312976629,33.8496768308927
33.4972884427629,33.4973339759851
33.1484267823202,33.1484723155349
32.8030222705864,32.8030678037937
32.4610470670791,32.461092600279
32.1224694574502,32.1225149906428
31.787263662962,31.7873091961474
31.4554036555254,31.4554491887036
31.1268531929373,31.1268987261084
30.8015985349301,30.8016440680942
12.4931283657676,12.4931813914846
12.4930059780534,12.4930590037708
12.4928832228523,12.49293624857
12.4927604838402,12.4928135095583
12.4926377533122,12.4926907790308
12.4925150308866,12.4925680566056
12.4923923161256,12.492445341845
12.4922696086957,12.4923226344155
12.4921469081956,12.4921999339158
12.4920242143195,12.4920772400402
12.4919015267282,12.4919545524493
12.491778845122,12.4918318708436
12.4916561692223,12.4917091949444
12.4915334987437,12.4915865244662
12.4914108334467,12.4914638591696
12.4912881730784,12.4913411988018
12.4911655174175,12.4912185431414
12.4910428662524,12.4910958919768
12.4909202193742,12.490973245099
12.4907975766011,12.4908506023265
12.490674937746,12.4907279634719
12.4905523026444,12.4906053283707
12.4904296711374,12.4904826968641
12.4903070430718,12.4903600687991
12.4901844179082,12.4902374436359
0,5.00701432023649e-05
0,5.00701432023662e-05
0,5.00701432023674e-05
0,5.00701432023687e-05
0,5.00701432023699e-05
0,5.00701432023712e-05
0,5.00701432023724e-05
0,5.00701432023737e-05
0,5.00701432023749e-05
0,5.00701432023762e-05
0,5.00701432023774e-05
0,5.00701432023787e-05
0,5.00701432023799e-05
0,5.00701432023811e-05
0,5.00701432023823e-05
0,5.00701432023836e-05
0,5.00701432023848e-05
0,5.0070143202386e-05
0,5.00701432023872e-05
0,5.00701432023884e-05
0,5.00701432023897e-05
0,5.00701432023909e-05
0,5.00701432023921e-05
0,5.00701432023933e-05
0,5.00701432023945e-05
0,4.63389773922309e-05
0,4.6338977392233e-05
0,4.6338977392235e-05
0,4.63389773922371e-05
0,4.63389773922391e-05
0,4.63389773922412e-05
0,4.63389773922432e-05
0,4.63389773922452e-05
0,4.63389773922472e-05
0,4.63389773922493e-05
0,4.63389773922513e-05
0,4.63389773922533e-05
0,4.63389773922553e-05
0,4.63389773922572e-05
0,4.63389773922592e-05
0,4.63389773922612e-05
0,4.63389773922632e-05
0,4.63389773922652e-05
0,4.63389773922671e-05
0,4.63389773922691e-05
0,4.6338977392271e-05
0,4.6338977392273e-05
0,4.63389773922749e-05
0,4.63389773922768e-05
0,4.63389773922787e-05
0,4.6167005177139e-05
0,4.61670051771391e-05
0,4.61670051771392e-05
0,4.61670051771394e-05
0,4.61670051771395e-05
0,4.61670051771396e-05
0,4.61670051771397e-05
0,4.61670051771398e-05
0,4.616700517714e-05
0,4.61670051771401e-05
0,4.61670051771402e-05
0,4.61670051771403e-05
0,4.61670051771404e-05
0,4.61670051771405e-05
0,4.61670051771407e-05
0,4.61670051771408e-05
0,4.61670051771409e-05
0,4.6167005177141e-05
0,4.61670051771411e-05
0,4.61670051771412e-05
0,4.61670051771414e-05
0,4.61670051771415e-05
0,4.61670051771416e-05
0,4.61670051771417e-05
0,4.61670051771418e-05
40.0012839761031,40.0013301440723
39.2518436203881,39.2518897883393
38.8501933488781,38.8502395168196
38.4517866441137,38.4518328120456
38.0566780570314,38.0567242249537
37.665092694439,37.6651388623519
37.2770729313006,37.2771190992041
36.8926626561463,36.8927088240406
36.5118779782535,36.5119241461386
36.1347131920104,36.1347593598864
35.7611638936055,35.7612100614725
35.3912025657285,35.3912487335866
35.02483282708,35.0248789949293
34.6620426746109,34.6620888424514
34.3027823289588,34.3028284967906
33.9470530921077,33.9470992599309
33.5948200137597,33.5948661815744
33.2460549656973,33.2461011335037
32.9007343599208,32.9007805277188
32.5588305449378,32.5588767127276
32.2203121249681,32.2203582927497
31.8851532020439,31.8851993698175
31.5533284054907,31.5533745732562
31.2248014655098,31.2248476332674
30.899558717464,30.8996048852138
12.5328610158034,12.5329155049001
12.5327387025235,12.5327931916206
12.5326160136553,12.5326705027528
12.532493340811,12.5325478299089
12.5323706762935,12.5324251653918
12.5322480197258,12.5323025088245
12.5321253706769,12.532179859776
12.5320027288201,12.5320572179196
12.5318800937638,12.5319345828637
12.5317574652027,12.531811954303
12.531634842808,12.5316893319088
12.5315122262804,12.5315667153816
12.5313896153525,12.5314441044541
12.5312670097409,12.531321498843
12.5311444092062,12.5311988983087
12.5310218135143,12.5310763026173
12.5308992224313,12.5309537115347
12.5307766357574,12.5308311248613
12.5306540532919,12.5307085423962
12.5305314748445,12.5305859639493
12.530408900246,12.5304633893512
12.5302863293246,12.5303408184304
12.5301637619265,12.5302182510327
12.5300411979071,12.5300956870137
12.5299186366184,12.5299731257255
0,5.11753386174135e-05
0,5.11753386174148e-05
0,5.11753386174162e-05
0,5.11753386174175e-05
0,5.11753386174188e-05
0,5.11753386174201e-05
0,5.11753386174214e-05
0,5.11753386174228e-05
0,5.11753386174241e-05
0,5.11753386174254e-05
0,5.11753386174267e-05
0,5.1175338617428e-05
0,5.11753386174293e-05
0,5.11753386174305e-05
0,5.11753386174318e-05
0,5.11753386174331e-05
0,5.11753386174344e-05
0,5.11753386174357e-05
0,5.1175338617437e-05
0,5.11753386174382e-05
0,5.11753386174395e-05
0,5.11753386174408e-05
0,5.1175338617442e-05
0,5.11753386174433e-05
0,5.11753386174445e-05
0,4.69938794792238e-05
0,4.6993879479226e-05
0,4.69938794792281e-05
0,4.69938794792302e-05
0,4.69938794792324e-05
0,4.69938794792345e-05
0,4.69938794792366e-05
0,4.69938794792387e-05
0,4.69938794792408e-05
0,4.69938794792428e-05
0,4.69938794792449e-05
0,4.6993879479247e-05
0,4.69938794792491e-05
0,4.69938794792511e-05
0,4.69938794792531e-05
0,4.69938794792552e-05
0,4.69938794792572e-05
0,4.69938794792592e-05
0,4.69938794792613e-05
0,4.69938794792633e-05
0,4.69938794792652e-05
0,4.69938794792672e-05
0,4.69938794792692e-05
0,4.69938794792712e-05
0,4.69938794792732e-05
